uda,hm3,cost
UDA01,0,0
UDA01,0.193080783745325,2799161.45987528
UDA01,0.542198337852602,5528942.70616198
UDA01,1.04735266232183,8258723.95244868
UDA01,1.72454879314256,10961885.6383877
UDA01,3.22024283438519,12901024.4978655
UDA01,5.58070204051179,14465303.5131798
UDA01,8.51329812638826,16029582.5284941
UDA01,12.0180310920146,17593861.5438083
UDA01,14.52,18579441.5271804
UDA02,0,0
UDA02,0.028868820346292,1729384.67065612
UDA02,0.115470782231368,3458769.32658398
UDA02,0.259812634385928,5188153.9972401
UDA02,0.46189212723307,6917538.65316795
UDA02,0.721709260772796,8646923.32382407
UDA02,1.03925053754371,10061501.2305794
UDA02,1.4145407028917,11053771.1170597
UDA02,2.3227511364853,12045068.7908679
UDA02,3.5657391050508,13036078.6596795
UDA02,5.02042575728404,14027088.528491
UDA02,6.68683583853091,15018098.3825743
UDA02,8.56492210767653,16009108.2513859
UDA02,10.0859015415497,16972203.6276998
UDA02,11.2449915396628,17913149.2127542
UDA02,12.4588317403465,18854094.7978087
UDA02,13.7274221436008,19795040.3828631
UDA02,15.0507627494257,20735985.9679176
UDA02,16.4288535578211,21461858.7716786
UDA02,17.8591727930831,22148934.3101452
UDA02,19.21,22716836.5278371
UDA03,0,0
UDA03,0.023217151415791,1371671.56468792
UDA03,0.092294206482427,2725330.22858905
UDA03,0.20723116519991,4078988.89249019
UDA03,0.368028027568238,5432647.56662879
UDA03,0.574684793587413,6786306.23052993
UDA03,0.827201463257433,8139964.89443106
UDA03,1.1255780365783,9493623.55833219
UDA03,1.46981451355001,10847282.2222333
UDA03,1.85991089417257,12200940.8861345
UDA03,2.29585131106529,13554599.5602731
UDA03,2.77766591225147,14908258.2241742
UDA03,3.3053404170885,16261916.8880753
UDA03,3.87887482557638,17615575.5519765
UDA03,4.4982691377151,18969234.2158776
UDA03,5.16352335350466,20322892.8900162
UDA03,5.87463747294507,21676551.5539173
UDA03,6.63161149603633,23030210.2178185
UDA03,7.43444542277844,24383868.8817196
UDA03,8.28313925317138,25737527.5456207
UDA03,9.17769298721518,27091186.2095219
UDA03,10.1180733034104,28444844.8836605
UDA03,11.6197304765156,29729680.1482574
UDA03,13.5982103728441,30965448.4589074
UDA03,15.1444501254552,31935047.6198845
UDA03,16.348717676318,32711737.0210649
UDA03,17.598803875642,33488426.4222453
UDA03,18.8947896470685,34265115.8234256
UDA03,20.2366353221458,35041805.2143685
UDA03,21.624340900874,35818494.6155488
UDA03,23.057906383253,36595184.0167292
UDA03,24.5373317692829,37371873.4076721
UDA03,24.64,37418383.7985487
UDA04,0,0
UDA04,0.008287727819417,611407.952819316
UDA04,0.033150911277669,1222815.90563863
UDA04,0.074589550374754,1834223.85845795
UDA04,0.132603645110674,2445631.81127726
UDA04,0.207193195485429,3057039.76409658
UDA04,0.298358201499017,3668447.71691589
UDA04,0.40609866315144,4279855.66973521
UDA04,0.530414580442697,4891263.62255453
UDA04,0.671305953372789,5502671.57537384
UDA04,0.828772781941715,6114079.52819316
UDA04,1.00281506614947,6725487.48101247
UDA04,1.19343280599607,7336895.43383179
UDA04,1.4006260014815,7948303.3866511
UDA04,1.62439465260576,8559711.33947042
UDA04,1.86473875936886,9171119.29228974
UDA04,2.12165832177079,9782527.24510905
UDA04,2.39515333981156,10393935.1979284
UDA04,2.68522381349116,11005343.1507477
UDA04,2.99186974280959,11616751.103567
UDA04,3.31509112776686,12228159.0563863
UDA04,3.65488796836296,12839567.0092056
UDA04,4.0112602645979,13450974.9620249
UDA04,4.38420801647167,14062382.9148443
UDA04,4.77373122398428,14673790.8676636
UDA04,5.17982988713572,15285198.8204829
UDA04,5.60250400592599,15896606.7733022
UDA04,6.0417535803551,16508014.7261215
UDA04,6.49757861042304,17119422.6789408
UDA04,7.21898322070803,17698303.6438187
UDA04,7.71654551117703,18049111.4856003
UDA04,8.23068325728486,18399919.3273818
UDA04,8.75049349265576,18736340.6854104
UDA04,9.28333256236373,19069003.3031399
UDA04,9.83184727726156,19401665.9102629
UDA04,10.3948365745716,19730203.759617
UDA04,10.9523033510268,19986281.477633
UDA04,11.5174750833293,20165834.9435316
UDA04,12.0677078573592,20336918.5770219
UDA04,12.6304656244953,20508002.1999059
UDA04,13.2057970586945,20679085.8333962
UDA04,13.7937560959634,20850169.4562801
UDA04,14.3942361798013,21021253.0791641
UDA04,15.0066111263286,21192183.3754218
UDA04,15.6,21354619.1030798
UDA05,0,0
UDA05,0.024953610305325,1462605.62720782
UDA05,0.0998144412213,2925211.26468741
UDA05,0.287431532454724,4326705.47724877
UDA05,0.657728549638826,5661932.54915743
UDA05,1.16526882000586,6997159.61079431
UDA05,1.81005234355582,8332386.68270296
UDA05,2.40568549677557,9365157.10590381
UDA05,2.94898373590039,10204357.0534152
UDA05,4.07414750852504,11042610.435636
UDA05,5.44178558624735,11880744.7370834
UDA05,6.99241466821358,12718879.0385309
UDA05,7.89,13163841.1383587
UDA06,0,0
UDA06,0.071215755594232,375987.251267597
UDA06,0.315249757465245,735072.558762141
UDA06,0.732102005613037,1094157.85762453
UDA06,0.85,1175143.93161485
UDA07,0,0
UDA07,0.295814797636449,4728326.63164663
UDA07,1.00622215687358,8066630.45999901
UDA07,2.52664713519842,11324606.3572719
UDA07,4.72528138011529,14582582.2545447
UDA07,7.6021248916242,17840558.1518176
UDA07,10.8412618497632,20886131.633105
UDA07,13.7852413396575,23283767.8094514
UDA07,16.765368422324,25137478.40104
UDA07,19.9134348789293,26959549.5905997
UDA07,23.2953669808268,28781620.7801594
UDA07,26.9111647280165,30603691.9697191
UDA07,33.4081973889543,32372764.7062354
UDA07,42.0700753545603,34114309.9006667
UDA07,51.6361623744546,35855855.0950981
UDA07,57.43,36598360.4625467
UDA08,0,0
UDA08,0.030847707907816,171058.521735853
UDA08,0.068495053218666,342117.043471706
UDA08,0.112942035932551,513175.565207559
UDA08,0.164188656049472,684234.086943411
UDA08,0.222234913569427,855292.608679264
UDA08,0.295441018414182,997221.622991571
UDA08,0.377946023417531,1111665.93908889
UDA08,0.451052392424623,1195927.65590176
UDA08,0.507433941477701,1280014.25453818
UDA08,0.563815490530778,1352567.57505219
UDA08,0.620197039583856,1418975.84440568
UDA08,0.676578588636934,1485384.10486812
UDA08,0.732960137690012,1550863.73931817
UDA08,0.78934168674309,1615205.0967302
UDA08,0.883366180996533,1665930.87366593
UDA08,0.980931297487018,1711176.94359724
UDA08,1.08240811219879,1756120.65549511
UDA08,1.18692100314531,1800649.55532339
UDA08,1.29591613997269,1845165.98989562
UDA08,1.40944339059977,1889682.42446784
UDA08,1.52753355579993,1934198.85904006
UDA08,1.65012650072989,1978715.29361228
UDA08,1.78018643315313,2021784.30034868
UDA08,1.90922553994381,2063916.29680988
UDA08,2.04366798241025,2105577.09414447
UDA08,2.18318815237653,2146957.65438505
UDA08,2.32715243393281,2188338.22351668
UDA08,2.4756429624748,2229490.34593701
UDA08,2.62752010938685,2266900.53540982
UDA08,2.78381790063298,2302967.43794856
UDA08,2.94549556029893,2338663.56580236
UDA08,3.11161733155487,2374359.68476511
UDA08,3.28218321440081,2410055.81261891
UDA08,3.45719320883673,2445751.93158166
UDA08,3.63669864948497,2481448.05943546
UDA08,3.68,2489931.2766257
UDA09,0,0
UDA09,0.00306086912949,109127.721095419
UDA09,0.012243476517961,218255.442190839
UDA09,0.026836204305202,298133.943910006
UDA09,0.046912038938415,372838.024616071
UDA09,0.073054871995208,440025.993050022
UDA09,0.106975323331853,488471.290571582
UDA09,0.147475959048959,530592.801935379
UDA09,0.189983722064092,571218.027302346
UDA09,0.237481933406589,611568.537597445
UDA09,0.290257977212307,651919.047892543
UDA09,0.348311853481243,692269.548390385
UDA09,0.411643562213399,732620.058685483
UDA09,0.480253103408773,772970.568980581
UDA09,0.554140477067367,813321.069478423
UDA09,0.633271470792055,853671.579773521
UDA09,0.717712228550613,894022.09006862
UDA09,0.807430818772389,934372.600363718
UDA09,0.902427241457385,974723.100861559
UDA09,1.0027014966056,1015073.61115666
UDA09,1.10825358421703,1055424.12145176
UDA09,1.21908350429169,1095774.63174685
UDA09,1.33519125682956,1136125.1322447
UDA09,1.45657684183065,1176475.64253979
UDA09,1.58236442192855,1216147.83978208
UDA09,1.70805392648803,1251893.73750131
UDA09,1.83039973943511,1282231.8043689
UDA09,1.95591590118248,1310631.30769012
UDA09,2.08577019488535,1338150.93900084
UDA09,2.21787338349261,1364651.58705622
UDA09,2.35675518838366,1390126.3056014
UDA09,2.50304967931855,1414309.08932554
UDA09,2.6537872202268,1438491.86325242
UDA09,2.80882411904049,1462674.64697656
UDA09,2.96830862948048,1486857.42090344
UDA09,3.13208793617295,1511040.19483032
UDA09,3.30031941614468,1535222.97855446
UDA09,3.47292552129552,1559405.75248134
UDA09,3.52,1566066.75537643
UDA10,0,0
UDA10,0.067110077708035,762428.52042857
UDA10,0.172292263903707,1524857.04085714
UDA10,0.31114928643198,2083451.53775857
UDA10,0.484085168161799,2605376.8604563
UDA10,0.803770612185343,3114083.88166571
UDA10,1.2500655482797,3618159.36429845
UDA10,1.68402134408003,4055334.00899703
UDA10,2.08866669012044,4388866.72096874
UDA10,2.52824122256332,4682628.14067282
UDA10,2.97623916202968,4966160.33297549
UDA10,3.45437203978504,5248071.99401768
UDA10,3.96532472873173,5529983.66639487
UDA10,4.50912776548196,5811895.33877205
UDA10,5.08572242578151,6093806.99981424
UDA10,5.6951368972724,6375718.67219143
UDA10,6.33737117995463,6657630.33323362
UDA10,7.01242527382821,6939542.00561081
UDA10,7.72034146035616,7221453.666653
UDA10,8.46103752558259,7503365.33903018
UDA10,9.23455340200036,7785277.00007237
UDA10,10.0131172153098,8064477.97468185
UDA10,10.7216535299622,8296084.35185067
UDA10,11.6468306652956,8526420.43799219
UDA10,12.5670655673949,8726625.7985979
UDA10,13.4807985200684,8904131.74045952
UDA10,14.4256788171734,9081637.69365615
UDA10,15.4018262561885,9259143.63551777
UDA10,17.2035662402523,9431974.60307427
UDA10,18.02,9503474.71142765
UDA11,0,0
UDA11,0.149685713001468,1819439.99623716
UDA11,0.420338799208146,3593783.22425997
UDA11,0.811959258620034,5368126.45228279
UDA11,1.33695498174409,7125167.10827712
UDA11,2.49649051217137,8385597.00836186
UDA11,4.32643449948179,9402370.01218283
UDA11,6.59992711508426,10419143.0160038
UDA11,9.31696835897878,11435916.0198248
UDA11,12.4775582311654,12452689.0236457
UDA11,14.7789638207897,13438151.4274596
UDA11,16.8877698896633,14403558.6381047
UDA11,17.83,14818760.2783647
UDA12,0,0
UDA12,0.083618245100834,872798.514069506
UDA12,0.208781053866509,1745597.02813901
UDA12,0.392810419330068,2517530.85502211
UDA12,0.662234983742575,3148469.53989163
UDA12,1.00089240385276,3779408.22476115
UDA12,1.36942293145915,4396393.40128386
UDA12,1.82234333424931,4985702.53252885
UDA12,2.49812373293334,5562748.53806577
UDA12,3.27776554077948,6139794.54360269
UDA12,3.85054434667952,6572270.33344795
UDA12,4.48887863976775,6928832.97850019
UDA12,5.15485051776908,7264856.87962462
UDA12,5.82210330170807,7589947.12182335
UDA12,6.52067544838441,7912668.63189515
UDA12,7.25503138899219,8235390.14196696
UDA12,8.02523505859543,8558111.65203876
UDA12,8.83121811281534,8880833.16211057
UDA12,9.56122426441279,9184277.41499856
UDA12,10.4870767450295,9447957.20705028
UDA12,11.4042076010517,9667543.13281391
UDA12,12.01,9801065.41330836
UDA13,0,0
UDA13,0.097927062004665,285736.002081008
UDA13,0.219829046393279,571472.004162016
UDA13,0.36570595316584,857208.006243024
UDA13,0.560151412380722,1082043.23958438
UDA13,0.800084775409019,1288599.38566703
UDA13,1.07997634241056,1495155.53174969
UDA13,1.39982611338535,1701711.67783235
UDA13,1.64844348055825,1908267.823915
UDA13,1.85449891562803,2114823.96999766
UDA13,2.06055435069781,2316157.64588145
UDA13,2.33869843679749,2452360.43016511
UDA13,2.70960816343929,2564953.49264374
UDA13,3.07092239695185,2676314.1986379
UDA13,3.43913816726126,2770336.36702995
UDA13,3.8199398511263,2855651.01460142
UDA13,4.22100052854497,2939745.11947313
UDA13,4.64039226221035,3023839.229633
UDA13,5.11308860825442,3107232.81514692
UDA13,5.55,3180069.47672886
UDA14,0,0
UDA14,0.088482083746986,87812.174
UDA14,0.194766474531202,158226.479791149
UDA14,0.32228067377462,221705.159791149
UDA14,0.469898104354803,285183.839791149
UDA14,0.624274997669605,348662.519791149
UDA14,0.749129997203526,412141.199791149
UDA14,0.873984996737448,475619.879791149
UDA14,0.998839996271369,539098.559791149
UDA14,1.12369499580529,602323.010612695
UDA14,1.26033327548908,650611.586296605
UDA14,1.46435519811097,685338.155830264
UDA14,1.55,699890.813679621
UDA15,0,0
UDA15,0.194541979037787,580720.082363777
UDA15,0.43408584833822,1046730.81889051
UDA15,0.727398295311681,1466528.46879204
UDA15,1.02222337402137,1886326.11869356
UDA15,1.27777921752671,2306123.76859509
UDA15,1.53333506103205,2725921.41849661
UDA15,1.78889090453739,3145719.06839814
UDA15,2.04444674804273,3565516.71829966
UDA15,2.30000259154807,3983601.69273586
UDA15,2.6188697459841,4290395.09040718
UDA15,3.05951690850569,4518845.31529826
UDA15,3.48084184476193,4705623.0315226
UDA15,3.933383992502,4876042.33501253
UDA15,4.41834907267507,5038939.32877881
UDA15,4.89395556606271,5191593.02056623
UDA15,5.39086166807233,5344246.71235365
UDA15,5.90913533752105,5496900.40414107
UDA15,6.05,5537338.26420941
UDA16,0,0
UDA16,0.019435608894405,733238.45657288
UDA16,0.070193210325444,1408321.18466765
UDA16,0.167888658000126,1844392.39300169
UDA16,0.284009215696913,2125344.98468945
UDA16,0.425694353111514,2400846.06739865
UDA16,0.59563178889397,2676347.16746149
UDA16,0.793859720596155,2951848.26752432
UDA16,1.02036078569449,3227349.35023352
UDA16,1.27510373164653,3502850.45029636
UDA16,1.57766306753532,3768592.8144482
UDA16,1.95013781337228,4017156.02377265
UDA16,2.361692127281,4265719.2330971
UDA16,2.73730948988578,4492137.28156232
UDA16,3.4098121156737,4705871.49829871
UDA16,4.47322848733956,4913462.7500422
UDA16,5.56139687261972,5092273.57035772
UDA16,6.60586378605139,5225432.43249582
UDA16,7.73231653582339,5358591.29463392
UDA16,8.94075512193574,5491750.15677201
UDA16,9.22,5521295.75020209
UDA17,0,0
UDA17,0.051480072605843,124931.790663756
UDA17,0.106964793626233,222827.885336388
UDA17,0.166454163061172,320723.991151763
UDA17,0.229948180910658,418620.085824395
UDA17,0.294265148411038,516516.180497027
UDA17,0.353118178093245,614412.286312402
UDA17,0.411971207775453,712308.380985034
UDA17,0.47082423745766,810204.475657666
UDA17,0.529677267139868,908100.581473041
UDA17,0.588530296822075,1005996.67614567
UDA17,0.647383326504283,1103892.7708183
UDA17,0.706236356186491,1201788.87663368
UDA17,0.765089385868698,1294894.13729036
UDA17,0.823942415550906,1386933.20446727
UDA17,0.882795445233113,1461374.37971448
UDA17,0.941648474915321,1522733.75040392
UDA17,1.00050150459753,1581881.76550563
UDA17,1.05935453427974,1630843.57413105
UDA17,1.11820756396194,1673985.24888683
UDA17,1.17706059364415,1716717.67293325
UDA17,1.23591362332636,1759450.09697968
UDA17,1.29476665300857,1802182.52102611
UDA17,1.35361968269077,1839206.8180677
UDA17,1.41247271237298,1874360.33749834
UDA17,1.47132574205519,1907524.93280116
UDA17,1.52906284454639,1940684.7924377
UDA17,1.59301219054739,1969785.29464471
UDA17,1.69386551000883,1994570.88058373
UDA17,1.79673421637042,2018558.37861144
UDA17,1.90543634814853,2040635.26371764
UDA17,1.96895089308682,2060881.44052107
UDA17,2.06118843355014,2070002.20008146
UDA17,2.1558985551641,2078630.8626293
UDA17,2.25238147081059,2087259.52517713
UDA17,2.35076220912139,2095888.18772497
UDA17,2.4509791888301,2104516.8502728
UDA17,2.5529633642744,2113145.51282064
UDA17,2.65685096067995,2121774.17536848
UDA17,2.76257479848341,2130402.83791631
UDA17,2.87006023372551,2139031.50046415
UDA17,2.97945468822581,2147660.16301198
UDA17,3.09068538412402,2156288.82555982
UDA17,3.20367207916392,2164917.48810766
UDA17,3.31857339175897,2173546.15065549
UDA17,3.43531094575193,2182174.81320333
UDA17,3.55379890058964,2190803.47575116
UDA17,3.67420707127944,2199432.138299
UDA17,3.79645148336714,2208060.80084684
UDA17,3.92044069800266,2216689.46339467
UDA17,4.0463557267872,2225318.12594251
UDA17,4.17410699696966,2233946.78849034
UDA17,4.30359747140298,2242575.45103818
UDA17,4.43501935828227,2251204.11358601
UDA17,4.56827748655947,2259832.77613385
UDA17,4.7032692207906,2268461.43868169
UDA17,4.84019796576464,2277090.10122952
UDA17,4.97896295213659,2285718.76377736
UDA17,5.11945594616552,2294347.42632519
UDA17,5.26189154923431,2302976.08887303
UDA17,5.40616339370101,2311604.75142087
UDA17,5.55215764752775,2320233.4139687
UDA17,5.70010010869129,2328862.07651654
UDA17,5.84987881125274,2337490.73906437
UDA17,6.00137432487727,2346119.40161221
UDA17,6.15482364413556,2354748.06416005
UDA17,6.31010920479176,2363376.72670788
UDA17,6.37,2366680.26901781
UDA18,0,0
UDA18,0.00463986803997,160906.682110688
UDA18,0.012989057572154,287708.413411806
UDA18,0.025048855066432,414510.144712923
UDA18,0.040817116406335,541311.872434647
UDA18,0.06029684335492,668113.603735764
UDA18,0.083484176502543,794915.335036882
UDA18,0.110383832905436,921717.062758605
UDA18,0.140990237860778,1048518.79405972
UDA18,0.175305964308334,1175320.52536084
UDA18,0.213335300481041,1302122.25666196
UDA18,0.255070098736316,1428923.98438368
UDA18,0.300519364363331,1555725.7156848
UDA18,0.349673234426326,1682527.44698592
UDA18,0.402542429507648,1809329.17828703
UDA18,0.459115371378363,1936130.90600876
UDA18,0.519404495913993,2062932.63730987
UDA18,0.583396509592427,2189734.36861099
UDA18,0.651105563582365,2316536.09633272
UDA18,0.722516649068519,2443337.82763383
UDA18,0.797637056046886,2570139.55893495
UDA18,0.876475789806638,2679775.38561993
UDA18,0.958222803145602,2758542.45260841
UDA18,1.06643979194697,2816509.2663785
UDA18,1.18018688594645,2873109.61063267
UDA18,1.27186844853513,2928459.57228244
UDA18,1.36695057984443,2983809.5339322
UDA18,1.46543327987433,3039159.49558197
UDA18,1.52864183339481,3092949.38902369
UDA18,1.61231126156032,3139775.7536691
UDA18,1.73888274498709,3180763.10988565
UDA18,1.86740751851756,3221546.68403367
UDA18,1.97427500041304,3260461.96476281
UDA18,2.08217465997693,3296718.48582476
UDA18,2.19918767218272,3325979.24564597
UDA18,2.31486961688426,3353216.29117433
UDA18,2.43348128232971,3380453.34028207
UDA18,2.55499222206519,3407690.38581043
UDA18,2.67943374019118,3434927.43491818
UDA18,2.80677367496061,3462164.48044653
UDA18,2.93704504576713,3489401.52955428
UDA18,3.07023155732556,3516638.57508263
UDA18,3.20631519905756,3543875.62061098
UDA18,3.34533156329653,3571112.66971873
UDA18,3.48724420006248,3598349.71524709
UDA18,3.63209041698199,3625586.76435483
UDA18,3.77983204878189,3652823.80988319
UDA18,3.93050811838193,3680060.85899093
UDA18,4.08070304824622,3707013.85811604
UDA18,4.19,3725471.28728501
UDA20,0,0
UDA20,0.018323153652161,560778.093920072
UDA20,0.050076842154536,996105.855007907
UDA20,0.095263404235041,1431433.60992553
UDA20,0.153882060317704,1866761.36484315
UDA20,0.225928912522665,2302089.12593099
UDA20,0.311410977033673,2737416.88084861
UDA20,0.410319678515034,3172744.63576623
UDA20,0.522665151454387,3608072.39068385
UDA20,0.648435702212147,4043400.15177169
UDA20,0.787644583579845,4478727.90668931
UDA20,0.940276983614005,4914055.66160693
UDA20,1.10634927341005,5349383.41652455
UDA20,1.28584352272061,5784711.17761239
UDA20,1.47877922094499,6220038.93253001
UDA20,1.68514701317154,6655366.68744763
UDA20,1.90493442618469,7090694.44853547
UDA20,2.13816562683957,7526022.20345309
UDA20,2.38481488912912,7961349.95837071
UDA20,2.64490949821235,8396677.71328834
UDA20,2.93094059989291,8827624.32147487
UDA20,3.25201987813463,9148246.34105017
UDA20,3.54586700851313,9415199.64636115
UDA20,3.90076117412791,9647504.25543707
UDA20,4.32732019972124,9842400.68902024
UDA20,4.77527312872148,10037297.1164332
UDA20,5.17625036878487,10229692.9851971
UDA20,5.37533692143044,10413124.9179687
UDA20,5.57442347407601,10596541.2956357
UDA20,5.9257503000417,10741720.9987562
UDA20,6.36812224465648,10883036.8965756
UDA20,6.84589005671607,11023752.1180809
UDA20,7.34081165846943,11164467.3395863
UDA20,7.85286366263737,11305182.5672619
UDA20,8.38201956363685,11445897.7887672
UDA20,8.86251978947924,11582545.1745693
UDA20,9.30171963946288,11707649.5744626
UDA20,9.73786822909106,11820454.4093848
UDA20,10.1778788380858,11926954.1452437
UDA20,10.6278344977588,12029274.771795
UDA20,11.0871918436574,12130985.9603313
UDA20,11.6106435872678,12225547.7981989
UDA20,12.1154291637982,12319056.3253364
UDA20,12.6308006024561,12412564.8463036
UDA20,13.1567259406265,12506073.3734411
UDA20,13.6931700973907,12599581.8944084
UDA20,14.2402024550102,12693090.4215459
UDA20,14.7977520720716,12786598.9425132
UDA20,15.17,12847773.5274717
UDA21,0,0
UDA21,0.006550702570894,137735.914217468
UDA21,0.016502854432476,275471.83545822
UDA21,0.029858586818638,413207.749675688
UDA21,0.046614347672895,550943.663893156
UDA21,0.066775109874326,688679.578110624
UDA21,0.090334479721257,826415.499351375
UDA21,0.117300271737956,964151.413568844
UDA21,0.147663250577561,1101887.32778631
UDA21,0.181434072409529,1239623.24200378
UDA21,0.218600660241809,1377359.16324453
UDA21,0.259176511889045,1515095.077462
UDA21,0.303155233649565,1652830.99167947
UDA21,0.350527590176504,1790566.91292022
UDA21,0.401311341752292,1928302.82713769
UDA21,0.455487307271906,2066038.74135516
UDA21,0.513076088662962,2203774.65557262
UDA21,0.57405566317525,2341510.57681337
UDA21,0.654625539617368,2471379.40187899
UDA21,0.733322771880236,2578998.1339331
UDA21,0.808405431463273,2665328.33777709
UDA21,0.887121844831163,2751658.54162108
UDA21,0.969485509798551,2837988.74546507
UDA21,1.05549642636544,2924318.94930905
UDA21,1.14592183873273,3009547.60728327
UDA21,1.24238503671438,3091445.68363798
UDA21,1.34276402176584,3173343.7529694
UDA21,1.43457402575125,3224770.75793921
UDA21,1.52575886779518,3270507.22450743
UDA21,1.62458560416241,3315989.10406302
UDA21,1.74569368045301,3360510.82347399
UDA21,1.87114094894653,3405032.54288496
UDA21,2.00092740964295,3449554.26229594
UDA21,2.13505306254228,3494075.98170691
UDA21,2.27351790764452,3538597.70111788
UDA21,2.41632194494967,3583119.42052885
UDA21,2.56343959965103,3627641.13993982
UDA21,2.7149213109507,3672162.85935079
UDA21,2.86310245136388,3716445.44297339
UDA21,2.98914930699218,3759931.71263795
UDA21,3.11776785151611,3803417.98230251
UDA21,3.24898508056496,3846904.25196706
UDA21,3.39091673279723,3889714.40415166
UDA21,3.52324788675999,3923768.26327549
UDA21,3.65722861575471,3956142.08971699
UDA21,3.79779485747388,3986814.14641294
UDA21,3.94369202556676,4015786.18216101
UDA21,4.08695427815856,4041894.12981947
UDA21,4.23007302766834,4067677.5666523
UDA21,4.37549706183733,4093461.01050842
UDA21,4.52325976999649,4119244.44734126
UDA21,4.53,4120410.91647256
UDA22,0,0
UDA22,0.058559973964627,2337342.63536255
UDA22,0.179761144463314,3764652.49641371
UDA22,0.363595916168698,5191962.37155232
UDA22,0.610076947959718,6619272.23260347
UDA22,0.919199176284797,8046582.10774209
UDA22,1.29096260114394,9473891.96879324
UDA22,1.72536722253713,10901201.8439319
UDA22,2.22241304046439,12328511.704983
UDA22,2.78210005492571,13755821.5801216
UDA22,3.40442826592109,15183131.4411728
UDA22,4.08939767345053,16610441.3163114
UDA22,4.83700827751403,18037751.1773626
UDA22,5.64726007811158,19465061.0384137
UDA22,6.52011763038218,20892370.9135523
UDA22,7.45564929227207,22319680.7746035
UDA22,8.45382215069602,23746990.6497421
UDA22,9.51463620565403,25174300.5107932
UDA22,10.6380914571461,26601610.3859319
UDA22,11.8241879051722,28028920.246983
UDA22,13.0729255497324,29456230.1221216
UDA22,14.3843043908267,30883539.9831728
UDA22,15.758324428455,32310849.8583114
UDA22,17.1949856626173,33738159.7193626
UDA22,18.6942880933138,35165469.5804137
UDA22,20.2561684261496,36592779.4555523
UDA22,21.910240842511,37697501.9519724
UDA22,23.6163032746685,38588305.9607926
UDA22,25.4056712573376,39417524.5877282
UDA22,27.5995815659865,40087813.7817538
UDA22,29.7979123551602,40720516.1062854
UDA22,31.6811965606662,41343548.1912854
UDA22,33.6219014410325,41966580.2762854
UDA22,35.620026996259,42589612.3612854
UDA22,37.1230232878294,43200409.4152859
UDA22,38.7913875785112,43713243.5560649
UDA22,41.1651552391033,44177643.0309748
UDA22,43.6475386127544,44636664.1806362
UDA22,44.87,44895723.8739358
UDA25,0,0
UDA25,0.011453712509768,587988.400630559
UDA25,0.045814850039071,1175976.78387389
UDA25,0.103083412587909,1763965.18450445
UDA25,0.183259400156283,2351953.56774778
UDA25,0.286342812744191,2939941.96837834
UDA25,0.412350294157656,3527930.35162166
UDA25,0.561251330752306,4115918.75225222
UDA25,0.733059792366491,4703907.13549555
UDA25,0.927775679000211,5291895.53612611
UDA25,1.14539899065347,5879883.91936944
UDA25,1.38592972732626,6467872.32
UDA25,1.64936788901858,7055860.72063056
UDA25,1.93571347573045,7643849.10387389
UDA25,2.24496648746184,8231837.50450445
UDA25,2.57712692421277,8819825.88774778
UDA25,2.93219478598324,9407814.28837834
UDA25,3.31021723022364,9995802.67162166
UDA25,3.71110271600084,10583791.0722522
UDA25,4.13489562679759,11171779.4554956
UDA25,4.58159596261387,11759767.8561261
UDA25,5.05120372344968,12347756.2393694
UDA25,5.54371890930503,12935744.64
UDA25,6.05914152017992,13523733.0406306
UDA25,6.59747155607434,14111721.4238739
UDA25,7.15870901698829,14699709.8245044
UDA25,7.74285390292178,15287698.2077478
UDA25,8.34990621387481,15875686.6083783
UDA25,8.97994362094213,16463674.9916217
UDA25,9.6328135559019,17051663.3922522
UDA25,10.3085909158812,17639651.7754956
UDA25,11.00727570088,18227640.1761261
UDA25,11.7288679108984,18815628.5593694
UDA25,12.4733675459363,19403616.96
UDA25,13.2407746059938,19991605.3606306
UDA25,14.0310890910707,20579593.7438739
UDA25,14.827034730518,21000695.369972
UDA25,15.6273771087223,21257356.969972
UDA25,16.4487184221892,21514018.569972
UDA25,17.2910586709185,21770680.169972
UDA25,17.32,21779386.4097606
UDA26,0,0
UDA26,0.021640014793815,537765.951969412
UDA26,0.086560059175261,1075531.89345364
UDA26,0.194760133144337,1613297.84542305
UDA26,0.291269344516481,2140582.99885457
UDA26,0.403432162088902,2667847.11901232
UDA26,0.531333172238643,3195111.23917006
UDA26,0.674972374965704,3722375.35932781
UDA26,0.834349770270085,4249639.47948555
UDA26,1.00946535815179,4776903.5996433
UDA26,1.20031913861081,5304167.71980104
UDA26,1.40691111164715,5831431.83995879
UDA26,1.62924127726081,6358695.96011653
UDA26,1.86730963545179,6885960.08027428
UDA26,2.1211161862201,7413224.20043202
UDA26,2.39066092956572,7940488.32058977
UDA26,2.67594386548866,8467752.44074751
UDA26,2.97696499398892,8995016.56090526
UDA26,3.2937243150665,9522280.681063
UDA26,3.62622182872141,10049544.8012207
UDA26,3.97445753495363,10576808.9213785
UDA26,4.33843143376317,11104073.0415362
UDA26,4.71814352515004,11631337.161694
UDA26,4.98218502754069,12154244.489785
UDA26,5.19880176786855,12675507.5631932
UDA26,5.4154185081964,13196770.6470866
UDA26,5.63203524852426,13718033.7204948
UDA26,5.86924108199174,14230370.2557365
UDA26,6.57135671270623,14549046.3723153
UDA26,7.30809636709082,14867722.4888942
UDA26,8.07946004514552,15186398.605473
UDA26,8.65890748658105,15457580.7195969
UDA26,9.13873268164685,15694940.7108641
UDA26,9.62131975008432,15925706.1731474
UDA26,10.1158463138028,16156471.6354307
UDA26,10.6223123728022,16387237.0977139
UDA26,11.1404872369634,16615426.9905371
UDA26,11.6648984240139,16775834.4324718
UDA26,12.1997111722173,16928745.0641124
UDA26,12.7458290178738,17078747.1483889
UDA26,13.3034890591616,17226518.4474235
UDA26,13.8726387499979,17374289.7464581
UDA26,14.4533819009363,17522061.0350075
UDA26,15.045667247506,17669832.3340421
UDA26,15.6494383987888,17817603.6330767
UDA26,16.2648068550091,17965374.9216261
UDA26,16.38,17992732.7197938
UDA27,0,0
UDA27,0.023670802448086,338580.332962929
UDA27,0.060059745483338,677160.665925859
UDA27,0.108890711579849,962526.470183518
UDA27,0.169307457500722,1115415.78372305
UDA27,0.241784124452055,1268305.09726258
UDA27,0.32632071243385,1421194.41080212
UDA27,0.422917221446106,1574083.72434165
UDA27,0.531573651488823,1726973.03788118
UDA27,0.652290002562002,1879862.35142071
UDA27,0.785066274665642,2032751.66496024
UDA27,0.929902467799743,2185640.97849978
UDA27,1.08679858196431,2338530.29203931
UDA27,1.25575461715933,2491419.60557884
UDA27,1.43677057338481,2644308.91911837
UDA27,1.62984645064076,2797198.23265791
UDA27,1.83498224892717,2950087.54619744
UDA27,2.05070813050512,3098495.85423141
UDA27,2.26973626613027,3222130.38515537
UDA27,2.49964454790247,3345764.91607933
UDA27,2.74053617126069,3469399.4470033
UDA27,2.99230236263412,3593033.97792726
UDA27,3.25499611427521,3716668.50885122
UDA27,3.52868157470007,3840303.03977519
UDA27,3.81323323594238,3963937.57069915
UDA27,4.10871245745236,4087572.10162312
UDA27,4.41519175494386,4211206.63254708
UDA27,4.73252888605507,4334841.16347104
UDA27,5.06087167127964,4458475.69439501
UDA27,5.07,4461855.87431974
UDA28,0,0
UDA28,0.039610348424158,842909.393419759
UDA28,0.112633651092738,1680181.45752616
UDA28,0.219074422863082,2517453.53084106
UDA28,0.358931158782742,3354725.60415596
UDA28,0.553897748385695,4115828.70135839
UDA28,0.759742134280814,4624780.56178106
UDA28,0.999929535033049,5068025.98924559
UDA28,1.26952972642365,5446104.50939521
UDA28,1.57081819655358,5824183.03875331
UDA28,1.90377989589835,6202261.55890293
UDA28,2.26844341855448,6580340.07905254
UDA28,2.66477716052057,6958418.59920215
UDA28,3.09281573570291,7336497.11935177
UDA28,3.55254258962457,7714575.64870987
UDA28,4.04393514799885,8092654.16885949
UDA28,4.56703705444672,8470732.6890091
UDA28,5.1218016554423,8848811.20915871
UDA28,5.70827861441638,9226889.72930832
UDA28,6.32641525803327,9604968.25866643
UDA28,6.97626726953355,9983046.77881605
UDA28,7.65780755977316,10361125.2989657
UDA28,8.37100301979825,10739203.8191153
UDA28,9.11591836256406,11117282.3392649
UDA28,9.89248586521046,11495360.868623
UDA28,10.7007762605025,11873439.3887726
UDA28,11.5407549345338,12251517.9089222
UDA28,12.4123812535884,12629596.4290718
UDA28,12.9593682603341,13007674.9492214
UDA28,13.6428649887558,13342729.9597008
UDA28,14.5028053520538,13613168.5374074
UDA28,15.5240540434613,13856379.5607868
UDA28,16.5849612417714,14098980.585921
UDA28,17.5076505973773,14339184.0692304
UDA28,18.4547472717805,14579386.0791808
UDA28,19.424345995182,14815490.3370804
UDA28,20.4007802126012,15027147.6189798
UDA28,20.96,15138248.3061988
UDA29,0,0
UDA29,0.008607718350409,169622.990140766
UDA29,0.033176357451575,321981.37097337
UDA29,0.073705917303499,474339.751805975
UDA29,0.130196397906181,626698.132638579
UDA29,0.185778596540069,777080.048273168
UDA29,0.240345382511409,926463.084690218
UDA29,0.301259273933051,1039802.5649439
UDA29,0.36779675046746,1108952.51820642
UDA29,0.438546481670818,1176407.91233524
UDA29,0.514786272774438,1243863.29670546
UDA29,0.596545623534569,1311318.69083427
UDA29,0.68379192895746,1378774.08496309
UDA29,0.776560899274364,1446229.4790919
UDA29,0.874813719016528,1513684.87322071
UDA29,0.978569019608954,1581140.25759094
UDA29,1.08785164295164,1648595.65171975
UDA29,1.20261345786334,1716051.04584857
UDA29,1.32321311927531,1783390.90806464
UDA29,1.46894036253848,1844250.65858194
UDA29,1.59767574620084,1902044.83678732
UDA29,1.67755953351089,1956592.89906072
UDA29,1.79699783609781,2001498.01348575
UDA29,1.98145360146281,2039041.17172963
UDA29,2.25913480705724,2071644.61124936
UDA29,2.55277693340243,2104248.05076909
UDA29,2.80816563898331,2133372.5442271
UDA29,2.97272304244737,2155655.30202398
UDA29,3.15794580147491,2175459.33966169
UDA29,3.42498846339384,2192179.05874164
UDA29,3.52,2197348.14919832
UDA30,0,0
UDA30,0.03961607981082,533719.534933506
UDA30,0.117040203335618,1047471.35620861
UDA30,0.282837113416094,1488007.52125223
UDA30,0.520151895771681,1928543.68629585
UDA30,0.804626286319916,2367236.39071449
UDA30,1.04353816722771,2799169.48149161
UDA30,1.308515901865,3231102.6130082
UDA30,1.6053753396766,3606816.7137767
UDA30,1.93938991927833,3877544.04126493
UDA30,2.15487768808703,4144988.99035416
UDA30,2.37036545689573,4401531.44850076
UDA30,2.73893361523712,4604371.88203835
UDA30,3.13680200299234,4803482.00679967
UDA30,3.54909450094237,4971279.65936781
UDA30,3.98009012784974,5119888.74047538
UDA30,4.42703665098926,5263194.64368383
UDA30,4.89668407178913,5406500.54689228
UDA30,5.38903239024936,5549806.45010073
UDA30,5.44,5564274.18585377
UDA31,0,0
UDA31,0.057366932366952,974136.950633399
UDA31,0.154975896586553,1908132.67937423
UDA31,0.288442333519259,2696490.55395098
UDA31,0.45922776287825,3484848.41674708
UDA31,0.667332184663526,4273206.27954318
UDA31,0.912755598875089,5061564.15411993
UDA31,1.19549800551294,5849922.01691604
UDA31,1.53704374436085,6379938.53562943
UDA31,1.92399250654859,6873355.00055681
UDA31,2.34302162644067,7356188.09782728
UDA31,2.7721786212202,7835433.29316633
UDA31,3.27315560815531,8258919.45143509
UDA31,3.85926611838329,8628263.32500424
UDA31,4.40384206526228,8984254.15379091
UDA31,4.98380505819669,9340244.98257759
UDA31,5.59919163517935,9696235.81136426
UDA31,6.24993100384915,10052226.6283703
UDA31,6.93605741857438,10408217.457157
UDA31,7.65757087935503,10764208.2859436
UDA31,8.41451705868214,11120199.1147303
UDA31,9.20680689519819,11476189.943517
UDA31,10.0344837777697,11832180.7723036
UDA31,10.8976002297613,12188171.6010903
UDA31,11.7960534880681,12544162.4180963
UDA31,12.7298937924304,12900153.246883
UDA31,13.3813502192095,13256144.0756697
UDA31,13.8960175353329,13612134.9044564
UDA31,14.5511003579004,13933512.1320776
UDA31,15.4990603128667,14200750.1026254
UDA31,16.4702538640236,14459450.4736923
UDA31,17.4650418240501,14712534.8691829
UDA31,18.481428305088,14958990.0592491
UDA31,19.6650149249385,15197587.1221852
UDA31,20.7559000897314,15428880.8204176
UDA31,21.86,15656948.2831367
UDA32,0,0
UDA32,0.112097335672833,1896778.08711371
UDA32,0.290522832607523,3017109.30646505
UDA32,0.527698869189355,4050835.58666088
UDA32,0.826146464174338,5084561.87406678
UDA32,1.18587411401471,6118288.16147268
UDA32,1.59314305544649,7085316.91812507
UDA32,2.08441763390446,7954520.56903566
UDA32,2.61914064153437,8806846.57470274
UDA32,3.18717823837766,9640710.29256051
UDA32,3.80869250558794,10474574.0032082
UDA32,4.48368344316522,11308437.7138559
UDA32,5.27405377453581,12141098.5693142
UDA32,6.21637587145578,12959941.7096005
UDA32,7.05380562419817,13636836.1490736
UDA32,7.95937935142294,14301535.7581267
UDA32,8.95731922467311,14909209.7208061
UDA32,9.97170337433466,15450506.3949911
UDA32,11.0395641943632,15991803.069176
UDA32,12.1609016847587,16533099.7361509
UDA32,13.3357158455213,17074396.4103359
UDA32,14.5640066766508,17615693.0845209
UDA32,15.8458008812829,18156989.7587059
UDA32,17.1810462669254,18698286.4328909
UDA32,18.5697683229348,19239583.1070758
UDA32,20.0119670493112,19780879.7740508
UDA32,21.4389716915337,20238132.7549872
UDA32,22.8707804706056,20632168.3162157
UDA32,24.3439669720619,21023686.6273554
UDA32,25.8576524199857,21414286.5780612
UDA32,27.5724925883517,21797431.9629708
UDA32,29.5487103306014,22171320.5685886
UDA32,31.5931303087202,22545209.1742064
UDA32,33.7057525227081,22919097.7798243
UDA32,35.7083383975797,23290299.3094759
UDA32,37.5071210864695,23657340.8189269
UDA32,39.3350878750076,24024303.248382
UDA32,41.2050283513655,24391265.6850471
UDA32,43.1170311214021,24758228.1145022
UDA32,45.0710051517006,25125190.5439573
UDA32,47.0670439032356,25492152.9806224
UDA32,49.0920628395653,25851196.3286159
UDA32,51.1129913410333,26193139.2836094
UDA32,53.1731370384602,26530046.7001761
UDA32,54.74,26782097.4326419
UDA34,0,0
UDA34,0.007949715518348,151939.838426445
UDA34,0.026386223122007,261976.816165793
UDA34,0.054247053439513,362959.604224156
UDA34,0.091880094672142,463942.392282519
UDA34,0.139296316267681,564925.180340881
UDA34,0.196491017034222,665907.968399244
UDA34,0.263453227523976,766890.764049067
UDA34,0.340203319568551,867873.55210743
UDA34,0.426731890784127,968856.340165793
UDA34,0.523023270531007,1069839.12822416
UDA34,0.629107233024616,1170821.91628252
UDA34,0.74495086992159,1271804.70434088
UDA34,0.870590223693233,1372787.49239924
UDA34,1.00600805663588,1473770.28804907
UDA34,1.15118086278998,1574753.07610743
UDA34,1.30615408701066,1675735.86416579
UDA34,1.4722111546891,1760358.41900634
UDA34,1.64839772386777,1842536.32646322
UDA34,1.83456805759747,1924714.24151155
UDA34,2.03066417451133,2006892.14896843
UDA34,2.23674719010415,2089070.0564253
UDA34,2.4527528547532,2171247.97147363
UDA34,2.67871250973785,2253425.87893051
UDA34,2.91466376459338,2335603.78638738
UDA34,3.16053296731322,2417781.69384426
UDA34,3.41635616036867,2499959.60889259
UDA34,3.68217565448691,2582137.51634947
UDA34,3.95790839527755,2664315.42380634
UDA34,4.2435951264038,2746493.33126322
UDA34,4.53928285978475,2828671.24631155
UDA34,4.84487913864618,2910849.15376843
UDA34,5.06,2967143.30525158
UDA36,0,0
UDA36,0.0197216562641,310410.399610356
UDA36,0.055306419733184,476870.463080311
UDA36,0.104086794114568,632495.379638573
UDA36,0.16695854346943,788120.296196834
UDA36,0.243918368482629,943745.212755096
UDA36,0.334956371208737,1099370.12931336
UDA36,0.440090697881038,1254995.05441974
UDA36,0.559299902951106,1410619.970978
UDA36,0.692608731282509,1566244.88753626
UDA36,0.840005635272249,1721869.80409452
UDA36,1.00147246868704,1877494.72065278
UDA36,1.17704387433588,2033119.63721104
UDA36,1.36670335564306,2188744.5537693
UDA36,1.57042781740258,2344369.47887568
UDA36,1.78826180036886,2499994.39543394
UDA36,2.02057977681057,2649935.95197607
UDA36,2.26877405771784,2776580.60231351
UDA36,2.53131046154941,2903225.26119907
UDA36,2.80822033179915,3029869.91153652
UDA36,3.0994426311369,3156514.56187397
UDA36,3.40500705339897,3283159.22075953
UDA36,3.72491359858534,3409803.87109697
UDA36,4.05920020882016,3536448.52998253
UDA36,4.40779264951271,3663093.18031998
UDA36,4.77072721312958,3789737.83920554
UDA36,5.1480467907676,3916382.48954299
UDA36,5.53966724989065,4043027.14842855
UDA36,5.945629831938,4169671.798766
UDA36,6.36593453690966,4296316.45765156
UDA36,6.80063085453276,4422961.107989
UDA36,7.24962145501061,4549605.75832645
UDA36,7.71295417841276,4676250.41721201
UDA36,8.19062902473921,4802895.06754946
UDA36,8.45,4870109.04484015
UDA37,0,0
UDA37,0.00636668663097,557310.733732837
UDA37,0.02546674652388,1114621.47565343
UDA37,0.05730017967873,1671932.20938627
UDA37,0.10186698609552,2229242.95130686
UDA37,0.15916716577425,2786553.6850397
UDA37,0.229196122382375,3343864.4269603
UDA37,0.311962282529561,3901175.16069313
UDA37,0.407461815938687,4458485.90261373
UDA37,0.515694722609753,5015796.63634657
UDA37,0.636661002542759,5573107.37826716
UDA37,0.770360655737705,6130418.112
UDA37,0.916793682194591,6687728.84573284
UDA37,1.07596008191342,7245039.58765343
UDA37,1.24785985489418,7802350.32138627
UDA37,1.43249300113689,8359661.06330686
UDA37,1.62985952064154,8916971.7970397
UDA37,1.83994639046591,9474282.5389603
UDA37,2.06277889043901,10031593.2726931
UDA37,2.29834476367405,10588904.0146137
UDA37,2.54664401017104,11146214.7483466
UDA37,2.80767662992996,11703525.4902672
UDA37,3.08144262295082,12260836.224
UDA37,3.36374860184126,12644467.072624
UDA37,3.65007637170903,12887737.632624
UDA37,3.94805814274596,13131008.192624
UDA37,4.25771153422683,13374278.752624
UDA37,4.57905722964807,13617549.312624
UDA37,4.9120546280722,13860819.872624
UDA37,5.25672364694026,14104090.432624
UDA37,5.61451213100409,14345660.3216802
UDA37,5.99551515864448,14574127.4650619
UDA37,6.37385078129763,14772116.4995448
UDA37,6.75082665557273,14944852.9912227
UDA37,7.13855181956096,15117589.4829005
UDA37,7.53705078703587,15290325.9745784
UDA37,7.9463235579975,15463062.4662562
UDA37,8.36639847649652,15635798.9579341
UDA37,8.79721962048697,15808535.4577997
UDA37,9.27239537354168,15977357.44807
UDA37,9.76481656630719,16145639.4311631
UDA37,10.2699711323346,16313921.4142563
UDA37,10.787859071624,16482203.4055372
UDA37,11.3184803841754,16650485.3886303
UDA37,11.8618350699886,16818767.3717234
UDA37,12.4178886565698,16987049.3548166
UDA37,12.9689138553461,17141525.132853
UDA37,13.4893412683669,17263757.0629372
UDA37,14.0186671811958,17385061.5984689
UDA37,14.5558375015691,17504772.1004117
UDA37,15.1030125057831,17624482.6023546
UDA37,15.6601921938378,17744193.1042975
UDA37,16.2273765657334,17863903.6062403
UDA37,16.8039972083448,17983231.9691604
UDA37,17.3731442142373,18091618.3602004
UDA37,17.9516700366889,18200004.7512404
UDA37,18.5395340747621,18308391.1422804
UDA37,19.1366926632978,18416777.5333204
UDA37,19.743232366559,18525163.9243604
UDA37,20.3591102854417,18633550.3154004
UDA37,20.9842804566207,18741936.7064404
UDA37,21.36,18751820.1077033
UDA38,0,0
UDA38,0.007484364716922,486528.447917831
UDA38,0.029602694950635,973056.871561627
UDA38,0.066346023810506,1459585.31947946
UDA38,0.117717340260078,1946113.76739729
UDA38,0.183716644299353,2432642.19104109
UDA38,0.2643618697096,2919170.63895892
UDA38,0.359620137891823,3405699.06260271
UDA38,0.469506393663749,3892227.51052054
UDA38,0.594020637025377,4378755.95843837
UDA38,0.733192757612157,4865284.38208217
UDA38,0.886965965116734,5351812.83
UDA38,1.05536716021101,5838341.27791783
UDA38,1.23843519942108,6324869.70156163
UDA38,1.43609535865831,6811398.14947946
UDA38,1.64838350548524,7297926.59739729
UDA38,1.87529963990187,7784455.02104108
UDA38,2.11689457428847,8270983.46895892
UDA38,2.37306967284805,8757511.89260271
UDA38,2.64387275899733,9244040.34052054
UDA38,2.92930383273632,9730568.78843837
UDA38,3.22942566229945,10217097.2120822
UDA38,3.54411570018139,10703625.66
UDA38,3.87343372565302,11190154.1079178
UDA38,4.21946005734175,11647506.0163481
UDA38,4.59411169290186,11949253.5252014
UDA38,5.05562260908248,12185834.4036049
UDA38,5.43108425376331,12398207.9286049
UDA38,5.82003807988671,12610581.4536049
UDA38,6.2223196944577,12822954.9786049
UDA38,6.63800979949198,13035328.5036049
UDA38,7.06720105285947,13247702.0286049
UDA38,7.50971112778391,13460075.5536049
UDA38,7.96562969317165,13672449.0786049
UDA38,8.44013961180989,13880783.6713325
UDA38,8.9357904696026,14074667.7130492
UDA38,9.41394393480231,14225465.4897489
UDA38,9.90447768700582,14376263.2421746
UDA38,10.4073917262131,14527061.0188743
UDA38,10.9225694828459,14677858.795574
UDA38,11.4502411070973,14828656.5479997
UDA38,11.9902930183524,14979454.3246994
UDA38,12.5427252166113,15130252.1013991
UDA38,13.1556062136062,15277181.7622049
UDA38,13.7833662711286,15424090.7658076
UDA38,14.34,15551580.3406337
UDA39,0,0
UDA39,0.028280701754386,855223.92
UDA39,0.077129774421765,1693746.51501105
UDA39,0.146544793249199,2532269.09392864
UDA39,0.236529799491584,3214626.529965
UDA39,0.343486459790517,3582309.89212186
UDA39,0.472788026654232,3926058.62411852
UDA39,0.622285360729632,4269807.35611519
UDA39,0.791988969279443,4613556.08811185
UDA39,0.981886728538981,4957304.82010851
UDA39,1.1919842962651,5301053.55210517
UDA39,1.42229056321856,5644802.28410184
UDA39,1.67278855612882,5988551.0160985
UDA39,1.94349686476838,6332299.74809516
UDA39,2.23439528286277,6676048.48009182
UDA39,2.6575049713452,6950813.69360114
UDA39,2.99596006879158,7204869.5766593
UDA39,3.3580387258515,7458064.49143568
UDA39,3.74067120530678,7711259.40621206
UDA39,4.1438857959417,7964454.31294171
UDA39,4.56766875748961,8217649.22771809
UDA39,5.01200311667995,8470844.14249447
UDA39,5.47692201180287,8724039.05727085
UDA39,5.96240927783878,8977233.9640005
UDA39,6.46844551676419,9230428.87877688
UDA39,6.99506871637511,9483623.79355327
UDA39,7.54226028689902,9736818.70832965
UDA39,8.10999840555949,9990013.6150593
UDA39,8.6983259096584,10243208.5298357
UDA39,9.30719834539192,10496403.4446121
UDA39,9.93666178306584,10749598.3513417
UDA39,10.5866935916528,11002793.2661181
UDA39,11.2572679071213,11255988.1808945
UDA39,11.9484356492833,11509183.0956709
UDA39,12.6601717623582,11762378.0024005
UDA39,13.3924479575618,12015572.9171769
UDA39,14.1453200042117,12268767.8319533
UDA39,14.9187604217746,12521962.7467296
UDA39,15.7127384967133,12775157.6534593
UDA39,16.5273148478513,13028352.5682357
UDA39,17.362427239863,13281547.4830121
UDA39,18.204950485101,13524454.9549733
UDA39,19.0236416419729,13749197.1919337
UDA39,19.6580055053324,13951744.5507651
UDA39,20.6810475654698,14122331.8136001
UDA39,21.4950347016441,14288715.7204274
UDA39,22.3242719172897,14455099.6192079
UDA39,23.1688327632456,14621483.5260351
UDA39,24.028680868218,14787867.4328623
UDA39,24.9038162322067,14954251.3316428
UDA39,25.7941984426628,15120635.2384701
UDA39,26.6999075164333,15287019.1452973
UDA39,27.6209038492201,15453403.0440778
UDA39,28.5571874410232,15619786.950905
UDA39,29.5087146462899,15786170.8577322
UDA39,30.4755719478748,15952554.7565127
UDA39,31.4547292128578,16117212.4137273
UDA39,32.24,16202036.6590716
UDA40,0,0
UDA40,0.007064515725439,330999.67435589
UDA40,0.024568226397635,660672.962081653
UDA40,0.052511132016587,990346.243791321
UDA40,0.090893232582296,1320019.53151708
UDA40,0.139714528094762,1649692.81322675
UDA40,0.198975018553984,1979366.10095252
UDA40,0.268674703959962,2309039.38266218
UDA40,0.348813584312697,2638712.67038795
UDA40,0.439384638781631,2968385.95209761
UDA40,0.540401128935595,3298059.23982338
UDA40,0.651856814036316,3627732.52153305
UDA40,0.773751694083793,3957405.80324271
UDA40,0.906085769078027,4287079.09096848
UDA40,1.04885903901902,4616752.37267814
UDA40,1.20207150390676,4946425.66040391
UDA40,1.36572316374127,5276098.94211358
UDA40,1.53981401852253,5605772.22983934
UDA40,1.72434406825054,5935445.51154901
UDA40,1.91931331292532,6265118.79927477
UDA40,2.12470615070116,6594792.08098444
UDA40,2.34055300517717,6924465.3687102
UDA40,2.56683905459992,7254138.65041987
UDA40,2.80356429896944,7583811.93212954
UDA40,3.05072873828571,7913485.2198553
UDA40,3.30833237254874,8243158.50156497
UDA40,3.57637520175852,8459075.33997094
UDA40,3.84866485336333,8661110.64556351
UDA40,4.12549620224657,8808941.86291167
UDA40,4.41158022571234,8952846.86802623
UDA40,4.70723286113574,9096751.87314079
UDA40,5.01247829137756,9240656.87825534
UDA40,5.32726893080849,9384561.8833699
UDA40,5.65162818219704,9528466.88848445
UDA40,5.98558256868088,9672371.89359901
UDA40,6.32907982407696,9816276.89871357
UDA40,6.69309818710041,9952387.09550782
UDA40,7.05043739998679,10067398.4000819
UDA40,7.40880165413458,10169579.4664884
UDA40,7.77602853672281,10271760.538911
UDA40,8.15208918433698,10373941.6053175
UDA40,8.53695161319344,10476122.6777401
UDA40,8.9306790107672,10578303.7441466
UDA40,9.33320662939867,10680484.8105531
UDA40,9.7504701912781,10782226.5936961
UDA40,10.2069536728364,10881772.6283081
UDA40,10.6537811721013,10970087.0156411
UDA40,11.0806960357205,11042262.047556
UDA40,11.5133008924604,11113075.9619213
UDA40,11.9541076394761,11183889.8762865
UDA40,12.4031552813818,11254703.7906518
UDA40,12.8603665890412,11325517.7050171
UDA40,13.09,11360613.0485582
UDA41,0,0
UDA41,0.004399619776048,137083.380457937
UDA41,0.011756409070824,260841.714589899
UDA41,0.022073297708819,384600.058699051
UDA41,0.035345402649216,508358.392831013
UDA41,0.051579560149159,632116.726962974
UDA41,0.070766980735177,755875.071072127
UDA41,0.092918407097067,879633.405204089
UDA41,0.118028956194012,1003391.73933605
UDA41,0.146089838552543,1127150.07346801
UDA41,0.177117656511436,1250908.41757716
UDA41,0.211093854515587,1374666.75170913
UDA41,0.248038941336427,1498425.08584109
UDA41,0.287930454986199,1622183.41997305
UDA41,0.330628740497538,1725259.06878741
UDA41,0.37528121894381,1781143.37628025
UDA41,0.422738516035322,1837027.6837731
UDA41,0.473000631772075,1892911.99126594
UDA41,0.526067566154069,1948796.29875879
UDA41,0.581957874736408,2004680.60625163
UDA41,0.640635423017046,2060564.91374447
UDA41,0.702117789942925,2116449.22123732
UDA41,0.766404975514045,2172333.51875297
UDA41,0.833496979730405,2228217.82624581
UDA41,0.903417241187928,2284102.13373866
UDA41,0.976119859302933,2339986.4412315
UDA41,1.05162729606318,2395870.74872434
UDA41,1.12993955146866,2451755.05621719
UDA41,1.21108397054797,2507639.36371003
UDA41,1.2950068398521,2563523.67120287
UDA41,1.38173452780147,2619407.97869572
UDA41,1.47126703439608,2675292.27621137
UDA41,1.56360435963593,2731176.58370422
UDA41,1.65877873159042,2787060.89119706
UDA41,1.75672667072892,2842945.1986899
UDA41,1.85747942851265,2898829.50618275
UDA41,1.96103700494163,2954713.81367559
UDA41,2.06739940001585,3010598.12116843
UDA41,2.17660372484552,3066482.42866128
UDA41,2.28857673381839,3122366.73615412
UDA41,2.40335456143649,3178251.04364696
UDA41,2.52093720769984,3234135.34116262
UDA41,2.64132467260842,3290019.64865546
UDA41,2.76455895031328,3345903.95614831
UDA41,2.89055702912051,3401788.26364115
UDA41,3.01935992657298,3457672.57113399
UDA41,3.15096764267069,3513556.87862684
UDA41,3.28538017741364,3569441.18611968
UDA41,3.42264440799368,3625325.49361252
UDA41,3.56266755663527,3681209.80110537
UDA41,3.70691160575902,3736800.97875064
UDA41,3.84664567838426,3782106.84064858
UDA41,4.01769566837658,3824339.96742275
UDA41,4.1788106235228,3856669.20643028
UDA41,4.32526473692028,3882241.51311272
UDA41,4.33,3883061.39754357
UDA42,0,0
UDA42,0.452470455109551,334913.721791269
UDA42,0.940777710219596,636257.781440581
UDA42,1.46493859538649,937601.829572089
UDA42,2.02492506051631,1238945.8777036
UDA42,2.62077637574055,1540289.92583511
UDA42,3.25244205089014,1841633.98548442
UDA42,3.91998379617172,2142978.03361592
UDA42,3.93,2147379.92252535
UDA43,0,0
UDA43,0.146571685148495,99971.8068207449
UDA43,0.30526768280757,196598.22254626
UDA43,0.476078917893012,293224.638271775
UDA43,0.659020515545177,389851.05399729
UDA43,0.854086425707923,486477.469722805
UDA43,1.06125849821282,583103.879559978
UDA43,1.28057000836866,679730.295285493
UDA43,1.51183642946307,743213.092151747
UDA43,1.7535785227691,789605.92311898
UDA43,2.00589611421309,833238.540573987
UDA43,2.2697088123288,876871.158028995
UDA43,2.54501661711621,920503.775484002
UDA43,2.83181952857533,964136.39293901
UDA43,2.94,980155.491394229
UDA44,0,0
UDA44,0.372994190483998,544863.123237989
UDA44,0.775530460577338,1035112.56608425
UDA44,1.20762268414333,1525361.99019248
UDA44,1.66924773807645,2015611.41430071
UDA44,2.16043799472444,2505860.83840893
UDA44,2.68115183249735,2996110.2812552
UDA44,3.23144012222732,3486359.70536342
UDA44,3.81124274384002,3976609.12947165
UDA44,4.41675825878833,4270024.17413438
UDA44,5.04758894965736,4491401.16773064
UDA44,5.70643559517157,4712778.18006495
UDA44,6.39329819533095,4934155.17366122
UDA44,7.10823687020986,5155532.16725749
UDA44,7.8511360042807,5376909.17959179
UDA44,8.13,5457921.48393177
UDA45,0,0
UDA45,0.083787367022312,1065343.072
UDA45,0.231595837101903,2080270.71314715
UDA45,0.438798512504447,3043500.86141697
UDA45,0.706937692474719,4006731.0096868
UDA45,1.03601337701272,4969961.15795662
UDA45,1.42602556611845,5933191.31074241
UDA45,1.8769742597919,6896421.45901223
UDA45,2.38885945803309,7859651.60728206
UDA45,2.96166939754268,8822881.75555189
UDA45,4.35645686878813,9728687.74891705
UDA45,5.27811790603356,10608030.0241591
UDA45,6.76339521084981,11487372.303917
UDA45,8.41624724971068,12366714.5791591
UDA45,10.2366740226162,13246056.858917
UDA45,12.2246755295663,14125399.1341591
UDA45,13.7962902232918,14781126.9524319
UDA45,15.1765186510732,15333799.9900272
UDA45,16.6442451132972,15874537.4806865
UDA45,18.08,16296456.8956379
UDA46,0,0
UDA46,1.1078742765373,4019800.20933291
UDA46,2.49100578823314,7321619.29958383
UDA46,4.00198977124625,9706597.51406919
UDA46,5.70443980757164,12017305.8909779
UDA46,7.59110385735351,14328014.2678865
UDA46,9.64083585695336,16611123.9882355
UDA46,12.1348156678403,18491449.0682093
UDA46,14.6077892195725,20267638.6835291
UDA46,17.209456611424,21994703.3520781
UDA46,19.9820260879816,23716959.4942992
UDA46,22.8487221105823,25203809.6764512
UDA46,26.2940205952305,26629816.533452
UDA46,30.1512034241331,28029259.6349601
UDA46,34.2646961677998,29428702.7364681
UDA46,38.6345369547261,30828145.8379762
UDA46,43.2606520698207,32227588.9394843
UDA46,48.1431203119744,33627032.0409924
UDA46,53.1198879493511,35012959.8296471
UDA46,57.5905811489377,36170621.3248943
UDA46,62.2294159301517,37310294.6600491
UDA46,67.0290792475443,38449967.9839776
UDA46,71.9894668832277,39586520.7306463
UDA46,77.1106881388892,40707732.0527051
UDA46,82.3926286290421,41828943.3747639
UDA46,87.8353442754799,42950154.7080491
UDA46,93.4389011675949,44071366.030108
UDA46,99.2031696685021,45192577.3633932
UDA46,105.128284498886,46313788.685452
UDA46,105.4,46364487.1404144
UDA48,0,0
UDA48,0.045092694557758,616618.002896461
UDA48,0.122835570541515,961754.811323373
UDA48,0.2147147680504,1262423.71724145
UDA48,0.326338119654323,1561790.42249933
UDA48,0.459090137096997,1829245.60066845
UDA48,0.615046295668163,2060206.17448468
UDA48,0.78303400775581,2279198.01673826
UDA48,0.964519632406486,2472666.66227216
UDA48,1.16341503992034,2666135.30780606
UDA48,1.37971721487043,2859603.95109419
UDA48,1.61342141872869,3053072.59662809
UDA48,1.86453669777596,3246541.23991622
UDA48,2.13305314418085,3440009.88545012
UDA48,2.41898152732531,3633478.52873826
UDA48,2.72733090214273,3826686.54145307
UDA48,3.08081518749515,4016984.21835913
UDA48,3.51352981586651,4199079.47019528
UDA48,3.95391224418751,4373834.55580108
UDA48,4.34193393745916,4522128.61793822
UDA48,4.74768634117615,4670422.68007535
UDA48,5.17116170138347,4818716.74221248
UDA48,5.61236001808113,4967010.80659538
UDA48,6.07128129126912,5115304.86873252
UDA48,6.54792552094745,5263598.93086965
UDA48,7.03127562937949,5400386.74181091
UDA48,7.51168785041509,5515782.5686839
UDA48,8.00742016343996,5630645.59564479
UDA48,8.51848463016187,5745508.62260568
UDA48,9.03729960568681,5852603.16112874
UDA48,9.5716629840984,5957814.50261292
UDA48,10.1197935096218,6061943.4301941
UDA48,10.6793947192496,6165253.82856609
UDA48,11.2385565380939,6266632.19563398
UDA48,11.57,6320923.3388853
UDA51,0,0
UDA51,0.338404701440853,267148.386666667
UDA51,0.712925762160773,534296.773333333
UDA51,1.12342355705946,801445.16
UDA51,1.57013079463741,1068593.54666667
UDA51,2.05272168299392,1335741.93333333
UDA51,2.60037786809288,1505193.63307957
UDA51,3.20970180582684,1666987.7264129
UDA51,3.79221772430212,1820302.4983957
UDA51,4.40070391143425,1973079.21095183
UDA51,5.03906987003179,2125855.92350796
UDA51,5.70680364139362,2278632.63606409
UDA51,6.4048826012219,2431409.34862021
UDA51,7.14010183773148,2569720.84387613
UDA51,7.90957576551605,2699347.77111097
UDA51,8.72098376509242,2827033.41197763
UDA51,9.12,2876233.57713892
UDA52,0,0
UDA52,0.02201175197229,509570.961481956
UDA52,0.062262416517995,897243.054083329
UDA52,0.114128702593551,1209823.82369931
UDA52,0.18070346832891,1478326.39726033
UDA52,0.26158767535602,1745139.34062377
UDA52,0.356755218361083,2011952.28398722
UDA52,0.466197395572834,2278765.22735067
UDA52,0.589930367423623,2545578.18160659
UDA52,0.727935487260737,2812391.12497003
UDA52,0.880233887957251,3079204.06833348
UDA52,1.04681562463172,3346017.01169693
UDA52,1.24146430296939,3607037.84754
UDA52,1.47822706801386,3858165.73241152
UDA52,1.73549866482197,4109293.61728304
UDA52,2.01326044674102,4360421.49126208
UDA52,2.26725396200223,4600014.02474636
UDA52,2.53019662745538,4816579.34911828
UDA52,2.80990884924817,5021091.95121272
UDA52,3.10416297393654,5225604.55330716
UDA52,3.41295900152047,5430117.14450911
UDA52,3.73632303731378,5634629.74660355
UDA52,4.07420411379903,5839142.34869799
UDA52,4.42662709317986,6043654.95079242
UDA52,4.79359197545625,6248167.55288686
UDA52,5.17509876062822,6452680.15498129
UDA52,5.57114744869575,6655689.88929518
UDA52,5.98173803965885,6856889.51171928
UDA52,6.40687053351753,7058089.13414337
UDA52,6.84654493027177,7259288.76745994
UDA52,7.30076122992158,7460488.38988404
UDA52,7.76951943246697,7661688.01230813
UDA52,8.25285931743371,7862887.63473223
UDA52,8.75070256888041,8064087.25715632
UDA52,9.26308772322268,8265286.87958041
UDA52,9.79001478046052,8466486.50200451
UDA52,10.3314837405939,8667686.1244286
UDA52,10.8874946036229,8868885.7468527
UDA52,11.4580473695475,9070085.36927679
UDA52,12.0431420383676,9271284.99170089
UDA52,12.6427786100833,9472484.62501746
UDA52,13.2569570846945,9673684.24744155
UDA52,13.8523148711677,9840376.52333386
UDA52,14.4476900611835,9994043.24800956
UDA52,15.0554714908041,10147709.9726853
UDA52,15.6755510094438,10301376.697361
UDA52,16.3079820708405,10455043.4220367
UDA52,16.9528231011726,10608710.1358199
UDA52,17.24,10670922.0272982
UDA53,0,0
UDA53,0.277481232527144,2833793
UDA53,0.61661555246733,4873359.63637898
UDA53,1.00626896820753,6233963.8199883
UDA53,1.44506243254665,7440194.65332163
UDA53,1.93553508590144,8646425.48665496
UDA53,2.47769781548664,9852656.3199883
UDA53,3.07153731470646,11058887.1533216
UDA53,3.68533670762629,12229553.3284055
UDA53,4.38601244514336,13243906.3760908
UDA53,5.19070947110071,14207570.1027409
UDA53,5.90364421242117,15112740.9834835
UDA53,6.69875807002146,16014299.4246143
UDA53,7.5369417491548,16915857.8756861
UDA53,8.42386869839412,17734829.4426955
UDA53,9.38917028720499,18508119.506496
UDA53,10.4391840842598,19278295.0653652
UDA53,11.5615168101066,20016969.5579379
UDA53,12.8140993344061,20747503.7246045
UDA53,14.1303152095117,21478037.8912712
UDA53,15.3925619514336,22185603.3010645
UDA53,16.6230857689682,22829837.3125078
UDA53,17.9108110127755,23424767.0424917
UDA53,19.2436686004649,24019696.7724756
UDA53,20.6216040959626,24614626.4925185
UDA53,22.0446743547234,25201228.1210732
UDA53,23.5128515538652,25786520.3610518
UDA53,25.0261030317437,26371812.6010303
UDA53,26.584492901957,26957104.8310679
UDA53,28.1879897125512,27542397.0710464
UDA53,29.8365571728106,28127689.311025
UDA53,31.5302666544763,28712981.5410625
UDA53,33.269083076523,29298273.7810411
UDA53,35.0529665191633,29883566.0110786
UDA53,36.8819956122814,30468858.2510572
UDA53,38.756089306612,31054150.4910357
UDA53,40.6627889994149,31625263.0595587
UDA53,42.4735807981438,32062194.7523444
UDA53,44.3083268886938,32490119.9500722
UDA53,45.9908866527696,32873488.5978194
UDA53,47.1701401566868,33218018.6486498
UDA53,48.8582124804954,33560729.0295031
UDA53,51.1883595036083,33901284.5994924
UDA53,52.4794331707951,34229737.1428179
UDA53,53.6998851049997,34550086.8676253
UDA53,54.9203370392042,34866037.8098878
UDA53,56.1407889734087,35177799.0387478
UDA53,57.6089601240979,35482131.687381
UDA53,59.54,36071468.691061
UDA55,0,0
UDA55,0.033306990329857,222219.416822706
UDA55,0.133033734303896,444438.82716259
UDA55,0.299180231922118,666658.243985296
UDA55,0.531746483184523,888877.654325179
UDA55,0.830732488091111,1111097.07114789
UDA55,1.19613824664188,1333316.48148777
UDA55,1.62796375883683,1555535.89831048
UDA55,2.12620902467597,1777755.30865036
UDA55,2.69087404415929,1999974.72547306
UDA55,3.15,2163840.74414161
UDA56,0,0
UDA56,0.084993641743324,4549051.56499061
UDA56,0.169987283486648,9082476.5688452
UDA56,0.33922667274603,11748876.08969
UDA56,0.540381751266022,12993005.9017348
UDA56,0.787263948761407,14230979.6498075
UDA56,1.07519551600899,15201018.1396051
UDA56,1.38759289195518,16030286.1510592
UDA56,1.73912868190397,16826873.6884254
UDA56,2.12899153034155,17623461.2257917
UDA56,2.55717550630657,18420048.7573761
UDA56,3.02369187862561,19216636.2947423
UDA56,3.52853530943345,20013223.8321086
UDA56,4.07169808848032,20809811.3636929
UDA56,4.65319504316962,21606398.9010592
UDA56,5.30785752336563,22389966.8905771
UDA56,6.10198181513004,23139725.6425044
UDA56,6.90384185979392,23841118.6556886
UDA56,7.6611603846579,24451704.4305184
UDA56,8.45750226287413,25062290.1995663
UDA56,9.29287935636532,25672875.9743961
UDA56,10.1672685343822,26283461.7492258
UDA56,11.0806810657513,26894047.5182737
UDA56,12.0331169504726,27504633.2931035
UDA56,13.0245761885462,28115219.0621514
UDA56,14.0550587799721,28725804.8369812
UDA56,15.1245801452497,29330955.7980213
UDA56,16.2331100364762,29931650.4663883
UDA56,17.3806632810549,30532345.1289734
UDA56,18.5672398789859,31133039.7915585
UDA56,19.7928398302691,31733734.4541436
UDA56,21.0574815208848,32334429.1167288
UDA56,22.3611287719686,32935123.7793139
UDA56,23.7037993764047,33535818.4476809
UDA56,25.085493334193,34136513.110266
UDA56,26.5062106453336,34737207.7728511
UDA56,27.9659513098265,35337902.4354362
UDA56,29.4647372722286,35938597.0980213
UDA56,31.002525236522,36539291.7663883
UDA56,32.5793365541677,37139986.4289734
UDA56,34.1951712251657,37740681.0915585
UDA56,35.8500292495159,38341375.7541436
UDA56,37.5439355372561,38942070.4167288
UDA56,39.2768408614069,39542765.0793139
UDA56,41.04876953891,40143459.7476809
UDA56,42.8597215697653,40744154.410266
UDA56,44.7096969539729,41344849.0728511
UDA56,46.5986956915327,41945543.7354362
UDA56,48.5146186212741,42534035.6055984
UDA56,50.3374402850955,42992817.6759554
UDA56,52.1934089057555,43451599.7463125
UDA56,53.9466509033074,43865800.509313
UDA56,55.5885260532446,44250706.9788784
UDA56,56.6575361696531,44572226.4256171
UDA56,57.95,44875245.0185481
UDA57,0,0
UDA57,0.639325710370537,15271287.9659157
UDA57,1.58080383415799,20269649.7506569
UDA57,3.19572466930817,24491463.4247303
UDA57,4.96329209296132,28630223.8374046
UDA57,6.60243971934259,32688724.5545385
UDA57,8.40090349179017,36747225.2716725
UDA57,10.5500257583455,40340964.6824829
UDA57,12.9733074698177,43807021.5819693
UDA57,15.6256229749314,47273078.4929986
UDA57,18.5392244462978,50688888.225553
UDA57,21.457669449885,53816157.6137555
UDA57,24.5696640096464,56943427.0019581
UDA57,27.8752081255818,60070696.3901607
UDA57,31.3743017976913,63197965.7783632
UDA57,35.0669450259749,66325235.1665658
UDA57,38.9531378104325,69452504.5547683
UDA57,43.0187946480789,72158993.5139876
UDA57,48.0478487612172,74799798.7751365
UDA57,53.0229689333343,77338754.4571231
UDA57,57.9278236502736,79701847.507744
UDA57,64.1542756214769,82041837.012757
UDA57,70.7144474192048,84381497.8181488
UDA57,77.0924937318075,86703350.2976996
UDA57,82.6822449040701,88988959.5231583
UDA57,87.25,90759899.0682569
UDA58,0,0
UDA58,0.68370249635153,15795742.8311612
UDA58,1.65994212339358,21720140.9430436
UDA58,3.20715732078177,26253531.7276667
UDA58,4.6169901808502,30451411.6807291
UDA58,6.19719677653996,34649291.6337916
UDA58,7.97576032424729,38770388.9877199
UDA58,10.1622963007072,42355479.0896567
UDA58,12.5937850900437,45940569.2077095
UDA58,15.2702069231176,49525659.3257623
UDA58,18.2099800478573,53102633.8642484
UDA58,21.3103708380723,56473315.5633772
UDA58,24.4896141344447,59707983.3354287
UDA58,27.8758040737737,62942651.1074803
UDA58,31.4689768994809,66177318.8795318
UDA58,35.2691326115663,69411986.6515833
UDA58,39.27627121003,72646654.4236349
UDA58,43.4904487074327,75881322.1956864
UDA58,47.9115563735094,79115989.967738
UDA58,52.4916309819466,81902404.2651886
UDA58,58.2232118149745,84633901.494921
UDA58,64.251678989295,87365398.7246534
UDA58,69.7249496611277,89839518.7123231
UDA58,75.9108319003894,92276112.3394961
UDA58,82.9003823617751,94682931.6243032
UDA58,88.8475357721202,97047034.4951746
UDA58,94.9908715291819,99409879.8325184
UDA58,101.060906613317,101303294.173122
UDA58,107.774084510083,103028702.501794
UDA58,115.032603993495,104681402.088795
UDA58,122.526257617365,106334101.675795
UDA58,130.255045381691,107986801.262795
UDA58,131.8,108311264.903928
UDA60,0,0
UDA60,0.028599394647493,2377008.72277365
UDA60,0.107272324002118,4754017.44554731
UDA60,0.252672489615366,6955324.93713617
UDA60,0.624858125217108,8253915.60466012
UDA60,1.14102449701716,9552506.2304545
UDA60,1.80117160501553,10851096.8979785
UDA60,2.6052994492122,12149687.5237728
UDA60,3.55340802960718,13448278.1912968
UDA60,4.62747340338209,14735882.2113502
UDA60,5.33361142980007,15744828.3598656
UDA60,6.07814431920427,16753774.508381
UDA60,6.86107207159468,17762720.6568965
UDA60,7.68239468697131,18771666.8054119
UDA60,8.66085235470844,19755814.4829124
UDA60,9.67474656967095,20728906.7843228
UDA60,10.7386440505577,21700542.1391521
UDA60,11.06,21984697.2995687
UDA61,0,0
UDA61,0.679000152720525,3062103.49450699
UDA61,1.4489773049905,6124206.98901399
UDA61,2.30993929199966,9186310.48352098
UDA61,3.26187305509845,12248413.978028
UDA61,4.3047838177467,15310517.472535
UDA61,5.43868725032384,18372620.967042
UDA61,7.0875898678972,20351550.5174852
UDA61,8.5098935753566,21714894.3767787
UDA61,9.88750013720283,23014636.1478284
UDA61,11.3348555579216,24314377.9188782
UDA61,12.851988566542,25614119.6899279
UDA61,14.4388443167359,26913861.4609776
UDA61,16.0954489258024,28213603.2320273
UDA61,17.8218389579601,29513345.0030771
UDA61,19.688617307761,30803315.5540004
UDA61,21.8060224828121,32071072.1535019
UDA61,24.0133756358297,33335169.5537903
UDA61,26.5234491788047,34427868.7088252
UDA61,29.2519860932361,35474270.982128
UDA61,32.1125772951803,36520673.2554307
UDA61,34.9421568162193,37447999.6407909
UDA61,37.7380502449294,38344035.1089803
UDA61,40.4561010637878,39225215.970709
UDA61,43.3544866092033,39896150.8402352
UDA61,46.6058631218091,40468097.9079144
UDA61,46.64,40473368.5255734
UDA63,0,0
UDA63,0.068339078937243,8864845.49392522
UDA63,0.275006380432602,14632359.9839252
UDA63,0.878078621264628,18507210.5279161
UDA63,1.96614667425433,21658078.3810411
UDA63,3.45190231686143,24808946.2341661
UDA63,5.33534554908595,27959814.0872911
UDA63,7.61647637092788,31110681.9404161
UDA63,10.2952947823872,34261549.7935411
UDA63,12.1808038955956,36774627.6158122
UDA63,14.0644693365309,39222709.3058122
UDA63,16.0542075355886,41670790.9958122
UDA63,18.2454384332939,44098436.6127455
UDA63,20.7409324583156,46475559.974905
UDA63,23.3486704833766,48833111.6804939
UDA63,26.1010531786047,51190663.3860827
UDA63,28.9980167414987,53548215.0916716
UDA63,32.0396293747323,55905766.7972604
UDA63,35.2258184754594,58263318.5028493
UDA63,38.5566610466984,60613880.2048406
UDA63,42.0320756852585,62899762.3427849
UDA63,45.9954276512855,65001266.8007091
UDA63,50.3288253233499,66915600.24451
UDA63,54.2702732307233,68573651.9698955
UDA63,54.41,68630923.9296018
UDA64,0,0
UDA64,1.05714006956691,5382361.41377337
UDA64,2.49143959928123,8412229.35872387
UDA64,4.46756327082785,10811517.0443489
UDA64,6.93062285697848,13210804.7299739
UDA64,9.6675872471695,15482385.0772414
UDA64,11.9906427016446,17346522.9992414
UDA64,14.4435629294236,19210660.9212414
UDA64,17.2338306854841,21033364.7002737
UDA64,20.2308276499201,22851628.3011467
UDA64,23.3664342825688,24647913.5965182
UDA64,26.6769334500706,26414812.961008
UDA64,30.1645294773613,28155440.9792081
UDA64,33.8291955478357,29896068.988708
UDA64,37.6708941182467,31636697.0069081
UDA64,41.689697593428,33377325.016408
UDA64,46.3440706983959,34917714.5501501
UDA64,50.8114542979699,36197391.3568952
UDA64,55.3655145284054,37444428.5323576
UDA64,56.87,37838749.3918959
UDA65,0,0
UDA65,0.95944351202633,5382361.41377337
UDA65,2.2611909508975,8412229.35872387
UDA65,4.0546893625165,10811517.0443489
UDA65,6.29012306491567,13210804.7299739
UDA65,8.77414841066922,15482385.0772414
UDA65,10.8825165900975,17346522.9992414
UDA65,13.1087479721176,19210660.9212414
UDA65,15.6411506048787,21033364.7002737
UDA65,18.3611773788792,22851628.3011467
UDA65,21.2070040829923,24647913.5965182
UDA65,24.2115604698573,26414812.961008
UDA65,27.3768471497234,28155440.9792081
UDA65,30.7028397842662,29896068.988708
UDA65,34.189504299832,31636697.0069081
UDA65,37.8369064098961,33377325.016408
UDA65,42.0611414064379,34917714.5501501
UDA65,46.1156677021823,36197391.3568952
UDA65,50.2488603293982,37444428.5323576
UDA65,54.5426615579941,38668934.9237624
UDA65,59.0193166162866,39494584.1884601
UDA65,63.6576438607266,40320089.9524602
UDA65,68.4567257364918,41145595.7077601
UDA65,68.74,41193475.0164678
UDA66,0,0
UDA66,0.015552521756031,280031.514510876
UDA66,0.051621005584081,482834.293871906
UDA66,0.106126876725509,668949.82073028
UDA66,0.179750730455269,855065.347588655
UDA66,0.272514026984732,1041180.87444703
UDA66,0.384407569080455,1227296.4013054
UDA66,0.515409896531063,1413411.94215516
UDA66,0.665560864014821,1599527.46901353
UDA66,0.834842077064838,1785642.99587191
UDA66,1.0232228782363,1971758.52273028
UDA66,1.23076151667435,2157874.04958865
UDA66,1.45739361174488,2343989.57644703
UDA66,1.70318967557096,2530105.1033054
UDA66,1.96811598496331,2716220.64415516
UDA66,2.25212655375469,2902336.17101353
UDA66,2.55531028853507,3088451.69787191
UDA66,2.88017803403503,3244414.62661525
UDA66,3.22486275186516,3395871.96738124
UDA66,3.58907932778866,3547329.3221386
UDA66,3.97271432925971,3698786.66290459
UDA66,4.3758873203131,3850244.00367058
UDA66,4.79847260542506,4001701.35842795
UDA66,5.24053149948524,4153158.69919393
UDA66,5.7021375803612,4304616.03995992
UDA66,6.1831467580623,4456073.38072591
UDA66,6.63,4591578.88298037
UDA67,0,0
UDA67,0.017748191763878,3456030.64276764
UDA67,0.070618621682819,6907182.4988835
UDA67,0.158603385277116,10358334.3400331
UDA67,0.281715656679612,13809486.1811827
UDA67,0.439936992104328,17260638.0223323
UDA67,0.633291104990379,20711789.8784482
UDA67,0.861767456031492,24162941.7195978
UDA67,1.12534496661512,27614093.5607474
UDA67,1.42406315913979,31065245.4168632
UDA67,1.75790358981952,34516397.2580129
UDA67,2.12683727556206,37967549.0991625
UDA67,2.57037871041179,40454150.7839085
UDA67,3.07130666791847,42586461.6916692
UDA67,3.61634689183115,44718772.5844637
UDA67,4.20549938214985,46851083.4922244
UDA67,4.83876413887454,48983394.3999851
UDA67,5.51614116200524,51115705.2927795
UDA67,6.23763045154195,53248016.2005402
UDA67,7.00323200748466,55380327.1083009
UDA67,7.81294582983338,57512638.0010954
UDA67,8.6667719185881,59644948.9088561
UDA67,9.56471027374883,61777259.8166168
UDA67,10.5067608953156,63909570.7094112
UDA67,11.4929237832883,66041881.617172
UDA67,12.523198937667,68174192.5249326
UDA67,13.5975863584518,70306503.4177271
UDA67,14.7160860456425,72438814.3254878
UDA67,15.8868870402135,74518238.6657164
UDA67,17.3459802185784,75913317.1022162
UDA67,19.6562277715579,76897980.0972251
UDA67,21.5945405713336,77740854.8087631
UDA67,23.02163905068,78363259.072275
UDA67,24.4943938048014,78985663.3357868
UDA67,26.0128048336979,79608067.5992986
UDA67,27.6392121339747,80166324.407468
UDA67,29.3240388089232,80699402.1231835
UDA67,29.61,80788343.3650287
UDA68,0,0
UDA68,0.009662034122547,2873963.44838432
UDA68,0.038531001994238,5745639.13517033
UDA68,0.086609246304992,8617314.82195633
UDA68,0.153892862571611,11488990.5154909
UDA68,0.240387317070573,14360666.2022769
UDA68,0.34608558173212,17232341.8890629
UDA68,0.482174781816061,19391090.4007231
UDA68,0.647563223820148,21165369.1512185
UDA68,0.837071220333496,22939647.8949654
UDA68,1.05070423763259,24713926.6454607
UDA68,1.28847086558045,26488205.3959561
UDA68,1.55035470534766,28262484.1464515
UDA68,1.83636356590061,30036762.8901983
UDA68,2.14650837979225,31811041.6406937
UDA68,2.48076806281332,33585320.3911891
UDA68,2.83915276662013,35359599.1416845
UDA68,3.22167576645555,37133877.8921799
UDA68,3.62831129273048,38908156.6359267
UDA68,4.08772215660373,40351558.9724047
UDA68,4.76907633981536,41189613.625628
UDA68,5.28063626218193,41862273.5727991
UDA68,5.81820628982239,42534933.5132216
UDA68,6.38178642273673,43207593.4603927
UDA68,6.89519238475946,43794225.5893185
UDA68,7.3905814995119,44349886.5353722
UDA68,7.90261776882866,44905547.4814259
UDA68,8.43128010850048,45461208.4274796
UDA68,8.97660990604927,46016869.3735334
UDA68,9.53858685816238,46572530.3195871
UDA68,10.1171875379406,47128191.2656408
UDA68,10.7124580182858,47683852.2116945
UDA68,11.3243756531952,48239513.1577482
UDA68,11.9529146730799,48795174.103802
UDA68,12.5981258362214,49350835.0498557
UDA68,13.2599841539272,49906495.9959094
UDA68,13.9384615139183,50462156.9419631
UDA68,14.7442164363114,50990693.8403892
UDA68,15.6171378404752,51508591.4211771
UDA68,16.5414336536657,52025374.6999268
UDA68,17.5961313967136,52537877.5142482
UDA68,18.6823570606911,53050380.3285696
UDA68,19.8001106455984,53562883.1428909
UDA68,20.9493921514355,54075385.9572123
UDA68,22.1025765786776,54569395.8306166
UDA68,23.2169121789931,55012965.5216147
UDA68,24.3584479710613,55456535.2058642
UDA68,25.5043185203763,55897777.8588807
UDA68,26.5925667066506,56234906.4387636
UDA68,27.7027448132565,56516807.5107601
UDA68,27.93,56564021.2064848
UDA69,0,0
UDA69,0.128312178545531,3684121.33122946
UDA69,0.290760527539688,7363031.08162926
UDA69,0.487345046982468,11041940.772398
UDA69,0.718065736873874,14720850.5227977
UDA69,0.982922597213904,18399760.2135664
UDA69,1.28076690661898,22078669.9639662
UDA69,1.49422805772215,25757579.6547349
UDA69,1.70768920882531,29436489.4051347
UDA69,1.92115035992847,33115399.0959034
UDA69,2.13461151103164,36794308.8463032
UDA69,2.3480726621348,40473218.5370719
UDA69,2.74372102467325,43156927.7413194
UDA69,3.25099638766078,45429959.9396341
UDA69,3.80127222110686,47702992.1379488
UDA69,4.3942900627002,49976024.3362636
UDA69,5.03032752010849,52249056.5942094
UDA69,5.70925057583699,54522088.7925241
UDA69,6.43088692167815,56795120.9908389
UDA69,7.19557160136885,59068153.1891536
UDA69,8.00295042581582,61341185.3874683
UDA69,8.85339672946873,63614217.6454141
UDA69,9.41903671142015,65444539.8359818
UDA69,10.28531622481,66405716.6550727
UDA69,11.2165750777976,67191085.6127711
UDA69,12.188173196705,67976454.5108383
UDA69,13.2001105815325,68761823.4685367
UDA69,14.2526456945911,69547192.366604
UDA69,15.3452711839366,70332561.3243023
UDA69,16.478235939202,71117930.2223696
UDA69,17.5128318533205,71840050.8383309
UDA69,18.5755522959802,72547637.681137
UDA69,19.8848266382683,73211117.3537022
UDA69,21.2384799166752,73874597.0262674
UDA69,22.5681632088782,74534332.2224019
UDA69,24.121473836429,75191944.252576
UDA69,25.07,75540124.7040138
UDA71,0,0
UDA71,0.054862798334047,1698194.60004386
UDA71,0.124321294882,3393986.92349937
UDA71,0.208375489643861,5089779.21946794
UDA71,0.307025382619629,6785571.54292345
UDA71,0.420270973809304,8481363.83889202
UDA71,0.547621101186619,10177156.1623475
UDA71,0.638891284717722,11872948.4583161
UDA71,0.730161468248825,13568740.7817716
UDA71,0.821431651779928,15264533.0777402
UDA71,0.912701835311031,16960325.4011957
UDA71,1.00397201884213,18656117.6971643
UDA71,1.17314049973922,19893172.6334685
UDA71,1.39003765053881,20940926.1295825
UDA71,1.62532063318835,21988679.6256965
UDA71,1.8788789362319,23036433.1218105
UDA71,2.15083125715917,24084186.6454115
UDA71,2.44112029373374,25131940.1415255
UDA71,2.74967237165169,26179693.6376395
UDA71,3.07663074650399,27227447.1337535
UDA71,3.4218439766659,28275200.6298675
UDA71,3.78547168979594,29322954.1534685
UDA71,4.02732396454679,30166640.6070102
UDA71,4.39772152760555,30609694.7675861
UDA71,4.79590248928348,30971710.348262
UDA71,5.21133142411717,31333725.9014509
UDA71,5.64400833210661,31695741.4821268
UDA71,6.0940437247077,32057757.0353157
UDA71,6.56122067202553,32419772.6159916
UDA71,7.0456455924991,32781788.1691806
UDA71,7.48801067145666,33114649.446091
UDA71,7.94240103402399,33440811.3847137
UDA71,8.5022111394958,33746642.1367137
UDA71,9.08099647124908,34052472.8887137
UDA71,9.64953288872091,34356577.625449
UDA71,10.3136862736563,34659703.6894847
UDA71,10.9810076536611,34922190.8266395
UDA71,11.668425746574,35184129.2144115
UDA71,12.3460287849954,35442140.2124161
UDA71,13.0011939048501,35693614.3474688
UDA71,13.677061504112,35869047.0568264
UDA71,14.1,35970743.0778285
UDA72,0,0
UDA72,0.200770767505364,2118483.988
UDA72,0.446150453481568,3643221.06711194
UDA72,0.728083089526039,4660380.11047967
UDA72,1.04557086990443,5562132.88714634
UDA72,1.4004509825434,6463885.663813
UDA72,1.79273130485664,7365638.44047967
UDA72,2.22240220889409,8267391.21714634
UDA72,2.66651503803394,9142556.60403535
UDA72,3.17348700263312,9900865.58768387
UDA72,3.7557232787205,10621280.3020701
UDA72,4.27156521113712,11297966.9962842
UDA72,4.84686761263897,11971953.1066959
UDA72,5.45333306270724,12645939.2245392
UDA72,6.09506656914375,13258185.1265288
UDA72,6.79350782621416,13836280.4984352
UDA72,7.55324236395553,14412047.5320236
UDA72,8.36530305978155,14964265.0316289
UDA72,9.27160563194851,15510396.9949623
UDA72,10.2239499366101,16056528.9582956
UDA72,11.1372450263312,16585489.9625431
UDA72,12.0275870830895,17067105.7466769
UDA72,12.9593170713868,17511862.6879764
UDA72,13.923702440511,17956619.629276
UDA72,14.9207038033938,18401376.5631439
UDA72,15.95036229764,18839907.5911434
UDA72,17.0126577920811,19277459.7478094
UDA72,18.1075666544763,19715011.9044755
UDA72,19.2351352740394,20152564.0537099
UDA72,20.3953408937975,20590116.210376
UDA72,21.5881572557051,21027668.367042
UDA72,22.8136360005851,21465220.5162764
UDA72,24.0717517456602,21902772.6729425
UDA72,25.3624756070802,22340324.8221769
UDA72,26.6858644772772,22777876.9788429
UDA72,28.0418597132826,23215429.135509
UDA72,29.4214469280281,23642380.8683143
UDA72,30.7316402550224,23969021.803279
UDA72,32.059165642676,24288929.6721487
UDA72,33.2765770406671,24575528.0022856
UDA72,34.1298226058124,24833091.4150222
UDA72,35.3512226009362,25089294.4807928
UDA72,37.0371939438268,25343886.6553258
UDA72,37.9713466744685,25589430.8619256
UDA72,38.8544012482934,25828917.5719868
UDA72,39.7374558221182,26065115.8448235
UDA72,40.6205103959431,26298181.9761249
UDA72,41.6828015140433,26525694.65724
UDA72,43.08,26747009.5762638
UDA73,0,0
UDA73,0.158755708981708,393578.491678482
UDA73,0.333562151900401,773693.811982104
UDA73,0.524425206710402,1153809.13228573
UDA73,0.731335076821172,1533924.46391943
UDA73,0.954305477459466,1914039.78422305
UDA73,1.19331877476231,2294155.10452667
UDA73,1.44838280600215,2674270.42483029
UDA73,1.71951324572383,3054385.74513391
UDA73,2.00668070415574,3434501.06543754
UDA73,2.30880167838441,3651816.58647675
UDA73,2.62341330554866,3823461.42788152
UDA73,2.95322532259123,3995106.28061636
UDA73,3.29828279382858,4166751.13335121
UDA73,3.65853673630803,4338395.98608606
UDA73,4.03404005161847,4510040.82749083
UDA73,4.4247359195348,4681685.68022567
UDA73,4.83068507891835,4853330.53296052
UDA73,5.25182287227156,5024975.38569537
UDA73,5.6882178757282,5196620.23843021
UDA73,6.13979759451829,5368265.07983498
UDA73,6.60659729636777,5539909.93256983
UDA73,7.08866008627501,5711554.78530467
UDA73,7.58590171356137,5883199.63803952
UDA73,8.0984103475417,6054844.47944429
UDA73,8.62609390026494,6226489.33217913
UDA73,9.16904837831837,6398134.18491398
UDA73,9.72717385647849,6569779.03764883
UDA73,10.300574178605,6741423.87905359
UDA73,10.52,6805941.24972626
UDA75,0,0
UDA75,0.337479181812422,7095364.98345569
UDA75,0.834454763673404,9417710.10989501
UDA75,1.68691877895983,11379254.478422
UDA75,2.61995994757955,13302210.536388
UDA75,3.48521249545584,15187876.233869
UDA75,4.43456283848072,17073541.9313501
UDA75,5.56901435883578,18743269.6473122
UDA75,6.84818570455671,20353673.3545941
UDA75,8.24825651674945,21964077.0672392
UDA75,9.78625166497258,23551134.8727502
UDA75,11.3268035558145,25004130.7012887
UDA75,12.9695239419918,26457126.5298272
UDA75,14.7144128235045,27910122.3583656
UDA75,16.5614702003525,29363118.1869041
UDA75,18.510696072536,30816114.0154426
UDA75,20.5620904400549,32269109.8439811
UDA75,22.7082180254819,33526602.1414359
UDA75,25.3628915977502,34753576.3966462
UDA75,27.9890952023753,35933229.1725431
UDA75,30.5782079659181,37031172.4319097
UDA75,33.864948797314,38118381.292916
UDA75,37.3278494361183,39205437.4330918
UDA75,39.45,39890809.862882
