fecha,valor
2021-01-01,0.13271407161290322
2021-01-02,0.13271407161290322
2021-01-03,0.13271407161290322
2021-01-04,0.13271407161290322
2021-01-05,0.13271407161290322
2021-01-06,0.13271407161290322
2021-01-07,0.13271407161290322
2021-01-08,0.13271407161290322
2021-01-09,0.13271407161290322
2021-01-10,0.13271407161290322
2021-01-11,0.13271407161290322
2021-01-12,0.13271407161290322
2021-01-13,0.13271407161290322
2021-01-14,0.13271407161290322
2021-01-15,0.13271407161290322
2021-01-16,0.13271407161290322
2021-01-17,0.13271407161290322
2021-01-18,0.13271407161290322
2021-01-19,0.13271407161290322
2021-01-20,0.13271407161290322
2021-01-21,0.13271407161290322
2021-01-22,0.13271407161290322
2021-01-23,0.13271407161290322
2021-01-24,0.13271407161290322
2021-01-25,0.13271407161290322
2021-01-26,0.13271407161290322
2021-01-27,0.13271407161290322
2021-01-28,0.13271407161290322
2021-01-29,0.13271407161290322
2021-01-30,0.13271407161290322
2021-01-31,0.13271407161290322
2021-02-01,0.05112111785714286
2021-02-02,0.05112111785714286
2021-02-03,0.05112111785714286
2021-02-04,0.05112111785714286
2021-02-05,0.05112111785714286
2021-02-06,0.05112111785714286
2021-02-07,0.05112111785714286
2021-02-08,0.05112111785714286
2021-02-09,0.05112111785714286
2021-02-10,0.05112111785714286
2021-02-11,0.05112111785714286
2021-02-12,0.05112111785714286
2021-02-13,0.05112111785714286
2021-02-14,0.05112111785714286
2021-02-15,0.05112111785714286
2021-02-16,0.05112111785714286
2021-02-17,0.05112111785714286
2021-02-18,0.05112111785714286
2021-02-19,0.05112111785714286
2021-02-20,0.05112111785714286
2021-02-21,0.05112111785714286
2021-02-22,0.05112111785714286
2021-02-23,0.05112111785714286
2021-02-24,0.05112111785714286
2021-02-25,0.05112111785714286
2021-02-26,0.05112111785714286
2021-02-27,0.05112111785714286
2021-02-28,0.05112111785714286
2021-03-01,0.028780735161290323
2021-03-02,0.028780735161290323
2021-03-03,0.028780735161290323
2021-03-04,0.028780735161290323
2021-03-05,0.028780735161290323
2021-03-06,0.028780735161290323
2021-03-07,0.028780735161290323
2021-03-08,0.028780735161290323
2021-03-09,0.028780735161290323
2021-03-10,0.028780735161290323
2021-03-11,0.028780735161290323
2021-03-12,0.028780735161290323
2021-03-13,0.028780735161290323
2021-03-14,0.028780735161290323
2021-03-15,0.028780735161290323
2021-03-16,0.028780735161290323
2021-03-17,0.028780735161290323
2021-03-18,0.028780735161290323
2021-03-19,0.028780735161290323
2021-03-20,0.028780735161290323
2021-03-21,0.028780735161290323
2021-03-22,0.028780735161290323
2021-03-23,0.028780735161290323
2021-03-24,0.028780735161290323
2021-03-25,0.028780735161290323
2021-03-26,0.028780735161290323
2021-03-27,0.028780735161290323
2021-03-28,0.028780735161290323
2021-03-29,0.028780735161290323
2021-03-30,0.028780735161290323
2021-03-31,0.028780735161290323
2021-04-01,0.06281595633333334
2021-04-02,0.06281595633333334
2021-04-03,0.06281595633333334
2021-04-04,0.06281595633333334
2021-04-05,0.06281595633333334
2021-04-06,0.06281595633333334
2021-04-07,0.06281595633333334
2021-04-08,0.06281595633333334
2021-04-09,0.06281595633333334
2021-04-10,0.06281595633333334
2021-04-11,0.06281595633333334
2021-04-12,0.06281595633333334
2021-04-13,0.06281595633333334
2021-04-14,0.06281595633333334
2021-04-15,0.06281595633333334
2021-04-16,0.06281595633333334
2021-04-17,0.06281595633333334
2021-04-18,0.06281595633333334
2021-04-19,0.06281595633333334
2021-04-20,0.06281595633333334
2021-04-21,0.06281595633333334
2021-04-22,0.06281595633333334
2021-04-23,0.06281595633333334
2021-04-24,0.06281595633333334
2021-04-25,0.06281595633333334
2021-04-26,0.06281595633333334
2021-04-27,0.06281595633333334
2021-04-28,0.06281595633333334
2021-04-29,0.06281595633333334
2021-04-30,0.06281595633333334
2021-05-01,0.10397083516129031
2021-05-02,0.10397083516129031
2021-05-03,0.10397083516129031
2021-05-04,0.10397083516129031
2021-05-05,0.10397083516129031
2021-05-06,0.10397083516129031
2021-05-07,0.10397083516129031
2021-05-08,0.10397083516129031
2021-05-09,0.10397083516129031
2021-05-10,0.10397083516129031
2021-05-11,0.10397083516129031
2021-05-12,0.10397083516129031
2021-05-13,0.10397083516129031
2021-05-14,0.10397083516129031
2021-05-15,0.10397083516129031
2021-05-16,0.10397083516129031
2021-05-17,0.10397083516129031
2021-05-18,0.10397083516129031
2021-05-19,0.10397083516129031
2021-05-20,0.10397083516129031
2021-05-21,0.10397083516129031
2021-05-22,0.10397083516129031
2021-05-23,0.10397083516129031
2021-05-24,0.10397083516129031
2021-05-25,0.10397083516129031
2021-05-26,0.10397083516129031
2021-05-27,0.10397083516129031
2021-05-28,0.10397083516129031
2021-05-29,0.10397083516129031
2021-05-30,0.10397083516129031
2021-05-31,0.10397083516129031
2021-06-01,0.039105153
2021-06-02,0.039105153
2021-06-03,0.039105153
2021-06-04,0.039105153
2021-06-05,0.039105153
2021-06-06,0.039105153
2021-06-07,0.039105153
2021-06-08,0.039105153
2021-06-09,0.039105153
2021-06-10,0.039105153
2021-06-11,0.039105153
2021-06-12,0.039105153
2021-06-13,0.039105153
2021-06-14,0.039105153
2021-06-15,0.039105153
2021-06-16,0.039105153
2021-06-17,0.039105153
2021-06-18,0.039105153
2021-06-19,0.039105153
2021-06-20,0.039105153
2021-06-21,0.039105153
2021-06-22,0.039105153
2021-06-23,0.039105153
2021-06-24,0.039105153
2021-06-25,0.039105153
2021-06-26,0.039105153
2021-06-27,0.039105153
2021-06-28,0.039105153
2021-06-29,0.039105153
2021-06-30,0.039105153
2021-07-01,0.027144260000000003
2021-07-02,0.027144260000000003
2021-07-03,0.027144260000000003
2021-07-04,0.027144260000000003
2021-07-05,0.027144260000000003
2021-07-06,0.027144260000000003
2021-07-07,0.027144260000000003
2021-07-08,0.027144260000000003
2021-07-09,0.027144260000000003
2021-07-10,0.027144260000000003
2021-07-11,0.027144260000000003
2021-07-12,0.027144260000000003
2021-07-13,0.027144260000000003
2021-07-14,0.027144260000000003
2021-07-15,0.027144260000000003
2021-07-16,0.027144260000000003
2021-07-17,0.027144260000000003
2021-07-18,0.027144260000000003
2021-07-19,0.027144260000000003
2021-07-20,0.027144260000000003
2021-07-21,0.027144260000000003
2021-07-22,0.027144260000000003
2021-07-23,0.027144260000000003
2021-07-24,0.027144260000000003
2021-07-25,0.027144260000000003
2021-07-26,0.027144260000000003
2021-07-27,0.027144260000000003
2021-07-28,0.027144260000000003
2021-07-29,0.027144260000000003
2021-07-30,0.027144260000000003
2021-07-31,0.027144260000000003
2021-08-01,0.020476846129032254
2021-08-02,0.020476846129032254
2021-08-03,0.020476846129032254
2021-08-04,0.020476846129032254
2021-08-05,0.020476846129032254
2021-08-06,0.020476846129032254
2021-08-07,0.020476846129032254
2021-08-08,0.020476846129032254
2021-08-09,0.020476846129032254
2021-08-10,0.020476846129032254
2021-08-11,0.020476846129032254
2021-08-12,0.020476846129032254
2021-08-13,0.020476846129032254
2021-08-14,0.020476846129032254
2021-08-15,0.020476846129032254
2021-08-16,0.020476846129032254
2021-08-17,0.020476846129032254
2021-08-18,0.020476846129032254
2021-08-19,0.020476846129032254
2021-08-20,0.020476846129032254
2021-08-21,0.020476846129032254
2021-08-22,0.020476846129032254
2021-08-23,0.020476846129032254
2021-08-24,0.020476846129032254
2021-08-25,0.020476846129032254
2021-08-26,0.020476846129032254
2021-08-27,0.020476846129032254
2021-08-28,0.020476846129032254
2021-08-29,0.020476846129032254
2021-08-30,0.020476846129032254
2021-08-31,0.020476846129032254
2021-09-01,0.025623349333333333
2021-09-02,0.025623349333333333
2021-09-03,0.025623349333333333
2021-09-04,0.025623349333333333
2021-09-05,0.025623349333333333
2021-09-06,0.025623349333333333
2021-09-07,0.025623349333333333
2021-09-08,0.025623349333333333
2021-09-09,0.025623349333333333
2021-09-10,0.025623349333333333
2021-09-11,0.025623349333333333
2021-09-12,0.025623349333333333
2021-09-13,0.025623349333333333
2021-09-14,0.025623349333333333
2021-09-15,0.025623349333333333
2021-09-16,0.025623349333333333
2021-09-17,0.025623349333333333
2021-09-18,0.025623349333333333
2021-09-19,0.025623349333333333
2021-09-20,0.025623349333333333
2021-09-21,0.025623349333333333
2021-09-22,0.025623349333333333
2021-09-23,0.025623349333333333
2021-09-24,0.025623349333333333
2021-09-25,0.025623349333333333
2021-09-26,0.025623349333333333
2021-09-27,0.025623349333333333
2021-09-28,0.025623349333333333
2021-09-29,0.025623349333333333
2021-09-30,0.025623349333333333
2021-10-01,0.016574838709677426
2021-10-02,0.016574838709677426
2021-10-03,0.016574838709677426
2021-10-04,0.016574838709677426
2021-10-05,0.016574838709677426
2021-10-06,0.016574838709677426
2021-10-07,0.016574838709677426
2021-10-08,0.016574838709677426
2021-10-09,0.016574838709677426
2021-10-10,0.016574838709677426
2021-10-11,0.016574838709677426
2021-10-12,0.016574838709677426
2021-10-13,0.016574838709677426
2021-10-14,0.016574838709677426
2021-10-15,0.016574838709677426
2021-10-16,0.016574838709677426
2021-10-17,0.016574838709677426
2021-10-18,0.016574838709677426
2021-10-19,0.016574838709677426
2021-10-20,0.016574838709677426
2021-10-21,0.016574838709677426
2021-10-22,0.016574838709677426
2021-10-23,0.016574838709677426
2021-10-24,0.016574838709677426
2021-10-25,0.016574838709677426
2021-10-26,0.016574838709677426
2021-10-27,0.016574838709677426
2021-10-28,0.016574838709677426
2021-10-29,0.016574838709677426
2021-10-30,0.016574838709677426
2021-10-31,0.016574838709677426
2021-11-01,0.29836933333333326
2021-11-02,0.29836933333333326
2021-11-03,0.29836933333333326
2021-11-04,0.29836933333333326
2021-11-05,0.29836933333333326
2021-11-06,0.29836933333333326
2021-11-07,0.29836933333333326
2021-11-08,0.29836933333333326
2021-11-09,0.29836933333333326
2021-11-10,0.29836933333333326
2021-11-11,0.29836933333333326
2021-11-12,0.29836933333333326
2021-11-13,0.29836933333333326
2021-11-14,0.29836933333333326
2021-11-15,0.29836933333333326
2021-11-16,0.29836933333333326
2021-11-17,0.29836933333333326
2021-11-18,0.29836933333333326
2021-11-19,0.29836933333333326
2021-11-20,0.29836933333333326
2021-11-21,0.29836933333333326
2021-11-22,0.29836933333333326
2021-11-23,0.29836933333333326
2021-11-24,0.29836933333333326
2021-11-25,0.29836933333333326
2021-11-26,0.29836933333333326
2021-11-27,0.29836933333333326
2021-11-28,0.29836933333333326
2021-11-29,0.29836933333333326
2021-11-30,0.29836933333333326
2021-12-01,0.05718387096774193
2021-12-02,0.05718387096774193
2021-12-03,0.05718387096774193
2021-12-04,0.05718387096774193
2021-12-05,0.05718387096774193
2021-12-06,0.05718387096774193
2021-12-07,0.05718387096774193
2021-12-08,0.05718387096774193
2021-12-09,0.05718387096774193
2021-12-10,0.05718387096774193
2021-12-11,0.05718387096774193
2021-12-12,0.05718387096774193
2021-12-13,0.05718387096774193
2021-12-14,0.05718387096774193
2021-12-15,0.05718387096774193
2021-12-16,0.05718387096774193
2021-12-17,0.05718387096774193
2021-12-18,0.05718387096774193
2021-12-19,0.05718387096774193
2021-12-20,0.05718387096774193
2021-12-21,0.05718387096774193
2021-12-22,0.05718387096774193
2021-12-23,0.05718387096774193
2021-12-24,0.05718387096774193
2021-12-25,0.05718387096774193
2021-12-26,0.05718387096774193
2021-12-27,0.05718387096774193
2021-12-28,0.05718387096774193
2021-12-29,0.05718387096774193
2021-12-30,0.05718387096774193
2021-12-31,0.05718387096774193
2022-01-01,0.3589548387096774
2022-01-02,0.3589548387096774
2022-01-03,0.3589548387096774
2022-01-04,0.3589548387096774
2022-01-05,0.3589548387096774
2022-01-06,0.3589548387096774
2022-01-07,0.3589548387096774
2022-01-08,0.3589548387096774
2022-01-09,0.3589548387096774
2022-01-10,0.3589548387096774
2022-01-11,0.3589548387096774
2022-01-12,0.3589548387096774
2022-01-13,0.3589548387096774
2022-01-14,0.3589548387096774
2022-01-15,0.3589548387096774
2022-01-16,0.3589548387096774
2022-01-17,0.3589548387096774
2022-01-18,0.3589548387096774
2022-01-19,0.3589548387096774
2022-01-20,0.3589548387096774
2022-01-21,0.3589548387096774
2022-01-22,0.3589548387096774
2022-01-23,0.3589548387096774
2022-01-24,0.3589548387096774
2022-01-25,0.3589548387096774
2022-01-26,0.3589548387096774
2022-01-27,0.3589548387096774
2022-01-28,0.3589548387096774
2022-01-29,0.3589548387096774
2022-01-30,0.3589548387096774
2022-01-31,0.3589548387096774
2022-02-01,0.0940425
2022-02-02,0.0940425
2022-02-03,0.0940425
2022-02-04,0.0940425
2022-02-05,0.0940425
2022-02-06,0.0940425
2022-02-07,0.0940425
2022-02-08,0.0940425
2022-02-09,0.0940425
2022-02-10,0.0940425
2022-02-11,0.0940425
2022-02-12,0.0940425
2022-02-13,0.0940425
2022-02-14,0.0940425
2022-02-15,0.0940425
2022-02-16,0.0940425
2022-02-17,0.0940425
2022-02-18,0.0940425
2022-02-19,0.0940425
2022-02-20,0.0940425
2022-02-21,0.0940425
2022-02-22,0.0940425
2022-02-23,0.0940425
2022-02-24,0.0940425
2022-02-25,0.0940425
2022-02-26,0.0940425
2022-02-27,0.0940425
2022-02-28,0.0940425
2022-03-01,0.060813870967741934
2022-03-02,0.060813870967741934
2022-03-03,0.060813870967741934
2022-03-04,0.060813870967741934
2022-03-05,0.060813870967741934
2022-03-06,0.060813870967741934
2022-03-07,0.060813870967741934
2022-03-08,0.060813870967741934
2022-03-09,0.060813870967741934
2022-03-10,0.060813870967741934
2022-03-11,0.060813870967741934
2022-03-12,0.060813870967741934
2022-03-13,0.060813870967741934
2022-03-14,0.060813870967741934
2022-03-15,0.060813870967741934
2022-03-16,0.060813870967741934
2022-03-17,0.060813870967741934
2022-03-18,0.060813870967741934
2022-03-19,0.060813870967741934
2022-03-20,0.060813870967741934
2022-03-21,0.060813870967741934
2022-03-22,0.060813870967741934
2022-03-23,0.060813870967741934
2022-03-24,0.060813870967741934
2022-03-25,0.060813870967741934
2022-03-26,0.060813870967741934
2022-03-27,0.060813870967741934
2022-03-28,0.060813870967741934
2022-03-29,0.060813870967741934
2022-03-30,0.060813870967741934
2022-03-31,0.060813870967741934
2022-04-01,0.1591396666666667
2022-04-02,0.1591396666666667
2022-04-03,0.1591396666666667
2022-04-04,0.1591396666666667
2022-04-05,0.1591396666666667
2022-04-06,0.1591396666666667
2022-04-07,0.1591396666666667
2022-04-08,0.1591396666666667
2022-04-09,0.1591396666666667
2022-04-10,0.1591396666666667
2022-04-11,0.1591396666666667
2022-04-12,0.1591396666666667
2022-04-13,0.1591396666666667
2022-04-14,0.1591396666666667
2022-04-15,0.1591396666666667
2022-04-16,0.1591396666666667
2022-04-17,0.1591396666666667
2022-04-18,0.1591396666666667
2022-04-19,0.1591396666666667
2022-04-20,0.1591396666666667
2022-04-21,0.1591396666666667
2022-04-22,0.1591396666666667
2022-04-23,0.1591396666666667
2022-04-24,0.1591396666666667
2022-04-25,0.1591396666666667
2022-04-26,0.1591396666666667
2022-04-27,0.1591396666666667
2022-04-28,0.1591396666666667
2022-04-29,0.1591396666666667
2022-04-30,0.1591396666666667
2022-05-01,0.05533354838709677
2022-05-02,0.05533354838709677
2022-05-03,0.05533354838709677
2022-05-04,0.05533354838709677
2022-05-05,0.05533354838709677
2022-05-06,0.05533354838709677
2022-05-07,0.05533354838709677
2022-05-08,0.05533354838709677
2022-05-09,0.05533354838709677
2022-05-10,0.05533354838709677
2022-05-11,0.05533354838709677
2022-05-12,0.05533354838709677
2022-05-13,0.05533354838709677
2022-05-14,0.05533354838709677
2022-05-15,0.05533354838709677
2022-05-16,0.05533354838709677
2022-05-17,0.05533354838709677
2022-05-18,0.05533354838709677
2022-05-19,0.05533354838709677
2022-05-20,0.05533354838709677
2022-05-21,0.05533354838709677
2022-05-22,0.05533354838709677
2022-05-23,0.05533354838709677
2022-05-24,0.05533354838709677
2022-05-25,0.05533354838709677
2022-05-26,0.05533354838709677
2022-05-27,0.05533354838709677
2022-05-28,0.05533354838709677
2022-05-29,0.05533354838709677
2022-05-30,0.05533354838709677
2022-05-31,0.05533354838709677
2022-06-01,0.031232333333333338
2022-06-02,0.031232333333333338
2022-06-03,0.031232333333333338
2022-06-04,0.031232333333333338
2022-06-05,0.031232333333333338
2022-06-06,0.031232333333333338
2022-06-07,0.031232333333333338
2022-06-08,0.031232333333333338
2022-06-09,0.031232333333333338
2022-06-10,0.031232333333333338
2022-06-11,0.031232333333333338
2022-06-12,0.031232333333333338
2022-06-13,0.031232333333333338
2022-06-14,0.031232333333333338
2022-06-15,0.031232333333333338
2022-06-16,0.031232333333333338
2022-06-17,0.031232333333333338
2022-06-18,0.031232333333333338
2022-06-19,0.031232333333333338
2022-06-20,0.031232333333333338
2022-06-21,0.031232333333333338
2022-06-22,0.031232333333333338
2022-06-23,0.031232333333333338
2022-06-24,0.031232333333333338
2022-06-25,0.031232333333333338
2022-06-26,0.031232333333333338
2022-06-27,0.031232333333333338
2022-06-28,0.031232333333333338
2022-06-29,0.031232333333333338
2022-06-30,0.031232333333333338
2022-07-01,0.021708387096774192
2022-07-02,0.021708387096774192
2022-07-03,0.021708387096774192
2022-07-04,0.021708387096774192
2022-07-05,0.021708387096774192
2022-07-06,0.021708387096774192
2022-07-07,0.021708387096774192
2022-07-08,0.021708387096774192
2022-07-09,0.021708387096774192
2022-07-10,0.021708387096774192
2022-07-11,0.021708387096774192
2022-07-12,0.021708387096774192
2022-07-13,0.021708387096774192
2022-07-14,0.021708387096774192
2022-07-15,0.021708387096774192
2022-07-16,0.021708387096774192
2022-07-17,0.021708387096774192
2022-07-18,0.021708387096774192
2022-07-19,0.021708387096774192
2022-07-20,0.021708387096774192
2022-07-21,0.021708387096774192
2022-07-22,0.021708387096774192
2022-07-23,0.021708387096774192
2022-07-24,0.021708387096774192
2022-07-25,0.021708387096774192
2022-07-26,0.021708387096774192
2022-07-27,0.021708387096774192
2022-07-28,0.021708387096774192
2022-07-29,0.021708387096774192
2022-07-30,0.021708387096774192
2022-07-31,0.021708387096774192
2022-08-01,0.019118387096774186
2022-08-02,0.019118387096774186
2022-08-03,0.019118387096774186
2022-08-04,0.019118387096774186
2022-08-05,0.019118387096774186
2022-08-06,0.019118387096774186
2022-08-07,0.019118387096774186
2022-08-08,0.019118387096774186
2022-08-09,0.019118387096774186
2022-08-10,0.019118387096774186
2022-08-11,0.019118387096774186
2022-08-12,0.019118387096774186
2022-08-13,0.019118387096774186
2022-08-14,0.019118387096774186
2022-08-15,0.019118387096774186
2022-08-16,0.019118387096774186
2022-08-17,0.019118387096774186
2022-08-18,0.019118387096774186
2022-08-19,0.019118387096774186
2022-08-20,0.019118387096774186
2022-08-21,0.019118387096774186
2022-08-22,0.019118387096774186
2022-08-23,0.019118387096774186
2022-08-24,0.019118387096774186
2022-08-25,0.019118387096774186
2022-08-26,0.019118387096774186
2022-08-27,0.019118387096774186
2022-08-28,0.019118387096774186
2022-08-29,0.019118387096774186
2022-08-30,0.019118387096774186
2022-08-31,0.019118387096774186
2022-09-01,0.022378000000000002
2022-09-02,0.022378000000000002
2022-09-03,0.022378000000000002
2022-09-04,0.022378000000000002
2022-09-05,0.022378000000000002
2022-09-06,0.022378000000000002
2022-09-07,0.022378000000000002
2022-09-08,0.022378000000000002
2022-09-09,0.022378000000000002
2022-09-10,0.022378000000000002
2022-09-11,0.022378000000000002
2022-09-12,0.022378000000000002
2022-09-13,0.022378000000000002
2022-09-14,0.022378000000000002
2022-09-15,0.022378000000000002
2022-09-16,0.022378000000000002
2022-09-17,0.022378000000000002
2022-09-18,0.022378000000000002
2022-09-19,0.022378000000000002
2022-09-20,0.022378000000000002
2022-09-21,0.022378000000000002
2022-09-22,0.022378000000000002
2022-09-23,0.022378000000000002
2022-09-24,0.022378000000000002
2022-09-25,0.022378000000000002
2022-09-26,0.022378000000000002
2022-09-27,0.022378000000000002
2022-09-28,0.022378000000000002
2022-09-29,0.022378000000000002
2022-09-30,0.022378000000000002
2022-10-01,0.03685677419354839
2022-10-02,0.03685677419354839
2022-10-03,0.03685677419354839
2022-10-04,0.03685677419354839
2022-10-05,0.03685677419354839
2022-10-06,0.03685677419354839
2022-10-07,0.03685677419354839
2022-10-08,0.03685677419354839
2022-10-09,0.03685677419354839
2022-10-10,0.03685677419354839
2022-10-11,0.03685677419354839
2022-10-12,0.03685677419354839
2022-10-13,0.03685677419354839
2022-10-14,0.03685677419354839
2022-10-15,0.03685677419354839
2022-10-16,0.03685677419354839
2022-10-17,0.03685677419354839
2022-10-18,0.03685677419354839
2022-10-19,0.03685677419354839
2022-10-20,0.03685677419354839
2022-10-21,0.03685677419354839
2022-10-22,0.03685677419354839
2022-10-23,0.03685677419354839
2022-10-24,0.03685677419354839
2022-10-25,0.03685677419354839
2022-10-26,0.03685677419354839
2022-10-27,0.03685677419354839
2022-10-28,0.03685677419354839
2022-10-29,0.03685677419354839
2022-10-30,0.03685677419354839
2022-10-31,0.03685677419354839
2022-11-01,0.018184333333333334
2022-11-02,0.018184333333333334
2022-11-03,0.018184333333333334
2022-11-04,0.018184333333333334
2022-11-05,0.018184333333333334
2022-11-06,0.018184333333333334
2022-11-07,0.018184333333333334
2022-11-08,0.018184333333333334
2022-11-09,0.018184333333333334
2022-11-10,0.018184333333333334
2022-11-11,0.018184333333333334
2022-11-12,0.018184333333333334
2022-11-13,0.018184333333333334
2022-11-14,0.018184333333333334
2022-11-15,0.018184333333333334
2022-11-16,0.018184333333333334
2022-11-17,0.018184333333333334
2022-11-18,0.018184333333333334
2022-11-19,0.018184333333333334
2022-11-20,0.018184333333333334
2022-11-21,0.018184333333333334
2022-11-22,0.018184333333333334
2022-11-23,0.018184333333333334
2022-11-24,0.018184333333333334
2022-11-25,0.018184333333333334
2022-11-26,0.018184333333333334
2022-11-27,0.018184333333333334
2022-11-28,0.018184333333333334
2022-11-29,0.018184333333333334
2022-11-30,0.018184333333333334
2022-12-01,0.012488387096774191
2022-12-02,0.012488387096774191
2022-12-03,0.012488387096774191
2022-12-04,0.012488387096774191
2022-12-05,0.012488387096774191
2022-12-06,0.012488387096774191
2022-12-07,0.012488387096774191
2022-12-08,0.012488387096774191
2022-12-09,0.012488387096774191
2022-12-10,0.012488387096774191
2022-12-11,0.012488387096774191
2022-12-12,0.012488387096774191
2022-12-13,0.012488387096774191
2022-12-14,0.012488387096774191
2022-12-15,0.012488387096774191
2022-12-16,0.012488387096774191
2022-12-17,0.012488387096774191
2022-12-18,0.012488387096774191
2022-12-19,0.012488387096774191
2022-12-20,0.012488387096774191
2022-12-21,0.012488387096774191
2022-12-22,0.012488387096774191
2022-12-23,0.012488387096774191
2022-12-24,0.012488387096774191
2022-12-25,0.012488387096774191
2022-12-26,0.012488387096774191
2022-12-27,0.012488387096774191
2022-12-28,0.012488387096774191
2022-12-29,0.012488387096774191
2022-12-30,0.012488387096774191
2022-12-31,0.012488387096774191
2023-01-01,0.010240322580645162
2023-01-02,0.010240322580645162
2023-01-03,0.010240322580645162
2023-01-04,0.010240322580645162
2023-01-05,0.010240322580645162
2023-01-06,0.010240322580645162
2023-01-07,0.010240322580645162
2023-01-08,0.010240322580645162
2023-01-09,0.010240322580645162
2023-01-10,0.010240322580645162
2023-01-11,0.010240322580645162
2023-01-12,0.010240322580645162
2023-01-13,0.010240322580645162
2023-01-14,0.010240322580645162
2023-01-15,0.010240322580645162
2023-01-16,0.010240322580645162
2023-01-17,0.010240322580645162
2023-01-18,0.010240322580645162
2023-01-19,0.010240322580645162
2023-01-20,0.010240322580645162
2023-01-21,0.010240322580645162
2023-01-22,0.010240322580645162
2023-01-23,0.010240322580645162
2023-01-24,0.010240322580645162
2023-01-25,0.010240322580645162
2023-01-26,0.010240322580645162
2023-01-27,0.010240322580645162
2023-01-28,0.010240322580645162
2023-01-29,0.010240322580645162
2023-01-30,0.010240322580645162
2023-01-31,0.010240322580645162
2023-02-01,0.01080642857142857
2023-02-02,0.01080642857142857
2023-02-03,0.01080642857142857
2023-02-04,0.01080642857142857
2023-02-05,0.01080642857142857
2023-02-06,0.01080642857142857
2023-02-07,0.01080642857142857
2023-02-08,0.01080642857142857
2023-02-09,0.01080642857142857
2023-02-10,0.01080642857142857
2023-02-11,0.01080642857142857
2023-02-12,0.01080642857142857
2023-02-13,0.01080642857142857
2023-02-14,0.01080642857142857
2023-02-15,0.01080642857142857
2023-02-16,0.01080642857142857
2023-02-17,0.01080642857142857
2023-02-18,0.01080642857142857
2023-02-19,0.01080642857142857
2023-02-20,0.01080642857142857
2023-02-21,0.01080642857142857
2023-02-22,0.01080642857142857
2023-02-23,0.01080642857142857
2023-02-24,0.01080642857142857
2023-02-25,0.01080642857142857
2023-02-26,0.01080642857142857
2023-02-27,0.01080642857142857
2023-02-28,0.01080642857142857
2023-03-01,0.008631612903225803
2023-03-02,0.008631612903225803
2023-03-03,0.008631612903225803
2023-03-04,0.008631612903225803
2023-03-05,0.008631612903225803
2023-03-06,0.008631612903225803
2023-03-07,0.008631612903225803
2023-03-08,0.008631612903225803
2023-03-09,0.008631612903225803
2023-03-10,0.008631612903225803
2023-03-11,0.008631612903225803
2023-03-12,0.008631612903225803
2023-03-13,0.008631612903225803
2023-03-14,0.008631612903225803
2023-03-15,0.008631612903225803
2023-03-16,0.008631612903225803
2023-03-17,0.008631612903225803
2023-03-18,0.008631612903225803
2023-03-19,0.008631612903225803
2023-03-20,0.008631612903225803
2023-03-21,0.008631612903225803
2023-03-22,0.008631612903225803
2023-03-23,0.008631612903225803
2023-03-24,0.008631612903225803
2023-03-25,0.008631612903225803
2023-03-26,0.008631612903225803
2023-03-27,0.008631612903225803
2023-03-28,0.008631612903225803
2023-03-29,0.008631612903225803
2023-03-30,0.008631612903225803
2023-03-31,0.008631612903225803
2023-04-01,0.009675
2023-04-02,0.009675
2023-04-03,0.009675
2023-04-04,0.009675
2023-04-05,0.009675
2023-04-06,0.009675
2023-04-07,0.009675
2023-04-08,0.009675
2023-04-09,0.009675
2023-04-10,0.009675
2023-04-11,0.009675
2023-04-12,0.009675
2023-04-13,0.009675
2023-04-14,0.009675
2023-04-15,0.009675
2023-04-16,0.009675
2023-04-17,0.009675
2023-04-18,0.009675
2023-04-19,0.009675
2023-04-20,0.009675
2023-04-21,0.009675
2023-04-22,0.009675
2023-04-23,0.009675
2023-04-24,0.009675
2023-04-25,0.009675
2023-04-26,0.009675
2023-04-27,0.009675
2023-04-28,0.009675
2023-04-29,0.009675
2023-04-30,0.009675
2023-05-01,0.1840574193548387
2023-05-02,0.1840574193548387
2023-05-03,0.1840574193548387
2023-05-04,0.1840574193548387
2023-05-05,0.1840574193548387
2023-05-06,0.1840574193548387
2023-05-07,0.1840574193548387
2023-05-08,0.1840574193548387
2023-05-09,0.1840574193548387
2023-05-10,0.1840574193548387
2023-05-11,0.1840574193548387
2023-05-12,0.1840574193548387
2023-05-13,0.1840574193548387
2023-05-14,0.1840574193548387
2023-05-15,0.1840574193548387
2023-05-16,0.1840574193548387
2023-05-17,0.1840574193548387
2023-05-18,0.1840574193548387
2023-05-19,0.1840574193548387
2023-05-20,0.1840574193548387
2023-05-21,0.1840574193548387
2023-05-22,0.1840574193548387
2023-05-23,0.1840574193548387
2023-05-24,0.1840574193548387
2023-05-25,0.1840574193548387
2023-05-26,0.1840574193548387
2023-05-27,0.1840574193548387
2023-05-28,0.1840574193548387
2023-05-29,0.1840574193548387
2023-05-30,0.1840574193548387
2023-05-31,0.1840574193548387
2023-06-01,0.04663666666666667
2023-06-02,0.04663666666666667
2023-06-03,0.04663666666666667
2023-06-04,0.04663666666666667
2023-06-05,0.04663666666666667
2023-06-06,0.04663666666666667
2023-06-07,0.04663666666666667
2023-06-08,0.04663666666666667
2023-06-09,0.04663666666666667
2023-06-10,0.04663666666666667
2023-06-11,0.04663666666666667
2023-06-12,0.04663666666666667
2023-06-13,0.04663666666666667
2023-06-14,0.04663666666666667
2023-06-15,0.04663666666666667
2023-06-16,0.04663666666666667
2023-06-17,0.04663666666666667
2023-06-18,0.04663666666666667
2023-06-19,0.04663666666666667
2023-06-20,0.04663666666666667
2023-06-21,0.04663666666666667
2023-06-22,0.04663666666666667
2023-06-23,0.04663666666666667
2023-06-24,0.04663666666666667
2023-06-25,0.04663666666666667
2023-06-26,0.04663666666666667
2023-06-27,0.04663666666666667
2023-06-28,0.04663666666666667
2023-06-29,0.04663666666666667
2023-06-30,0.04663666666666667
2023-07-01,0.027318387096774192
2023-07-02,0.027318387096774192
2023-07-03,0.027318387096774192
2023-07-04,0.027318387096774192
2023-07-05,0.027318387096774192
2023-07-06,0.027318387096774192
2023-07-07,0.027318387096774192
2023-07-08,0.027318387096774192
2023-07-09,0.027318387096774192
2023-07-10,0.027318387096774192
2023-07-11,0.027318387096774192
2023-07-12,0.027318387096774192
2023-07-13,0.027318387096774192
2023-07-14,0.027318387096774192
2023-07-15,0.027318387096774192
2023-07-16,0.027318387096774192
2023-07-17,0.027318387096774192
2023-07-18,0.027318387096774192
2023-07-19,0.027318387096774192
2023-07-20,0.027318387096774192
2023-07-21,0.027318387096774192
2023-07-22,0.027318387096774192
2023-07-23,0.027318387096774192
2023-07-24,0.027318387096774192
2023-07-25,0.027318387096774192
2023-07-26,0.027318387096774192
2023-07-27,0.027318387096774192
2023-07-28,0.027318387096774192
2023-07-29,0.027318387096774192
2023-07-30,0.027318387096774192
2023-07-31,0.027318387096774192
2023-08-01,0.020218709677419358
2023-08-02,0.020218709677419358
2023-08-03,0.020218709677419358
2023-08-04,0.020218709677419358
2023-08-05,0.020218709677419358
2023-08-06,0.020218709677419358
2023-08-07,0.020218709677419358
2023-08-08,0.020218709677419358
2023-08-09,0.020218709677419358
2023-08-10,0.020218709677419358
2023-08-11,0.020218709677419358
2023-08-12,0.020218709677419358
2023-08-13,0.020218709677419358
2023-08-14,0.020218709677419358
2023-08-15,0.020218709677419358
2023-08-16,0.020218709677419358
2023-08-17,0.020218709677419358
2023-08-18,0.020218709677419358
2023-08-19,0.020218709677419358
2023-08-20,0.020218709677419358
2023-08-21,0.020218709677419358
2023-08-22,0.020218709677419358
2023-08-23,0.020218709677419358
2023-08-24,0.020218709677419358
2023-08-25,0.020218709677419358
2023-08-26,0.020218709677419358
2023-08-27,0.020218709677419358
2023-08-28,0.020218709677419358
2023-08-29,0.020218709677419358
2023-08-30,0.020218709677419358
2023-08-31,0.020218709677419358
2023-09-01,0.06077833333333333
2023-09-02,0.06077833333333333
2023-09-03,0.06077833333333333
2023-09-04,0.06077833333333333
2023-09-05,0.06077833333333333
2023-09-06,0.06077833333333333
2023-09-07,0.06077833333333333
2023-09-08,0.06077833333333333
2023-09-09,0.06077833333333333
2023-09-10,0.06077833333333333
2023-09-11,0.06077833333333333
2023-09-12,0.06077833333333333
2023-09-13,0.06077833333333333
2023-09-14,0.06077833333333333
2023-09-15,0.06077833333333333
2023-09-16,0.06077833333333333
2023-09-17,0.06077833333333333
2023-09-18,0.06077833333333333
2023-09-19,0.06077833333333333
2023-09-20,0.06077833333333333
2023-09-21,0.06077833333333333
2023-09-22,0.06077833333333333
2023-09-23,0.06077833333333333
2023-09-24,0.06077833333333333
2023-09-25,0.06077833333333333
2023-09-26,0.06077833333333333
2023-09-27,0.06077833333333333
2023-09-28,0.06077833333333333
2023-09-29,0.06077833333333333
2023-09-30,0.06077833333333333
2023-10-01,0.2038670967741936
2023-10-02,0.2038670967741936
2023-10-03,0.2038670967741936
2023-10-04,0.2038670967741936
2023-10-05,0.2038670967741936
2023-10-06,0.2038670967741936
2023-10-07,0.2038670967741936
2023-10-08,0.2038670967741936
2023-10-09,0.2038670967741936
2023-10-10,0.2038670967741936
2023-10-11,0.2038670967741936
2023-10-12,0.2038670967741936
2023-10-13,0.2038670967741936
2023-10-14,0.2038670967741936
2023-10-15,0.2038670967741936
2023-10-16,0.2038670967741936
2023-10-17,0.2038670967741936
2023-10-18,0.2038670967741936
2023-10-19,0.2038670967741936
2023-10-20,0.2038670967741936
2023-10-21,0.2038670967741936
2023-10-22,0.2038670967741936
2023-10-23,0.2038670967741936
2023-10-24,0.2038670967741936
2023-10-25,0.2038670967741936
2023-10-26,0.2038670967741936
2023-10-27,0.2038670967741936
2023-10-28,0.2038670967741936
2023-10-29,0.2038670967741936
2023-10-30,0.2038670967741936
2023-10-31,0.2038670967741936
2023-11-01,0.07425466666666666
2023-11-02,0.07425466666666666
2023-11-03,0.07425466666666666
2023-11-04,0.07425466666666666
2023-11-05,0.07425466666666666
2023-11-06,0.07425466666666666
2023-11-07,0.07425466666666666
2023-11-08,0.07425466666666666
2023-11-09,0.07425466666666666
2023-11-10,0.07425466666666666
2023-11-11,0.07425466666666666
2023-11-12,0.07425466666666666
2023-11-13,0.07425466666666666
2023-11-14,0.07425466666666666
2023-11-15,0.07425466666666666
2023-11-16,0.07425466666666666
2023-11-17,0.07425466666666666
2023-11-18,0.07425466666666666
2023-11-19,0.07425466666666666
2023-11-20,0.07425466666666666
2023-11-21,0.07425466666666666
2023-11-22,0.07425466666666666
2023-11-23,0.07425466666666666
2023-11-24,0.07425466666666666
2023-11-25,0.07425466666666666
2023-11-26,0.07425466666666666
2023-11-27,0.07425466666666666
2023-11-28,0.07425466666666666
2023-11-29,0.07425466666666666
2023-11-30,0.07425466666666666
2023-12-01,0.04146193548387097
2023-12-02,0.04146193548387097
2023-12-03,0.04146193548387097
2023-12-04,0.04146193548387097
2023-12-05,0.04146193548387097
2023-12-06,0.04146193548387097
2023-12-07,0.04146193548387097
2023-12-08,0.04146193548387097
2023-12-09,0.04146193548387097
2023-12-10,0.04146193548387097
2023-12-11,0.04146193548387097
2023-12-12,0.04146193548387097
2023-12-13,0.04146193548387097
2023-12-14,0.04146193548387097
2023-12-15,0.04146193548387097
2023-12-16,0.04146193548387097
2023-12-17,0.04146193548387097
2023-12-18,0.04146193548387097
2023-12-19,0.04146193548387097
2023-12-20,0.04146193548387097
2023-12-21,0.04146193548387097
2023-12-22,0.04146193548387097
2023-12-23,0.04146193548387097
2023-12-24,0.04146193548387097
2023-12-25,0.04146193548387097
2023-12-26,0.04146193548387097
2023-12-27,0.04146193548387097
2023-12-28,0.04146193548387097
2023-12-29,0.04146193548387097
2023-12-30,0.04146193548387097
2023-12-31,0.04146193548387097
2024-01-01,0.0370309677419355
2024-01-02,0.0370309677419355
2024-01-03,0.0370309677419355
2024-01-04,0.0370309677419355
2024-01-05,0.0370309677419355
2024-01-06,0.0370309677419355
2024-01-07,0.0370309677419355
2024-01-08,0.0370309677419355
2024-01-09,0.0370309677419355
2024-01-10,0.0370309677419355
2024-01-11,0.0370309677419355
2024-01-12,0.0370309677419355
2024-01-13,0.0370309677419355
2024-01-14,0.0370309677419355
2024-01-15,0.0370309677419355
2024-01-16,0.0370309677419355
2024-01-17,0.0370309677419355
2024-01-18,0.0370309677419355
2024-01-19,0.0370309677419355
2024-01-20,0.0370309677419355
2024-01-21,0.0370309677419355
2024-01-22,0.0370309677419355
2024-01-23,0.0370309677419355
2024-01-24,0.0370309677419355
2024-01-25,0.0370309677419355
2024-01-26,0.0370309677419355
2024-01-27,0.0370309677419355
2024-01-28,0.0370309677419355
2024-01-29,0.0370309677419355
2024-01-30,0.0370309677419355
2024-01-31,0.0370309677419355
2024-02-01,0.023750344827586208
2024-02-02,0.023750344827586208
2024-02-03,0.023750344827586208
2024-02-04,0.023750344827586208
2024-02-05,0.023750344827586208
2024-02-06,0.023750344827586208
2024-02-07,0.023750344827586208
2024-02-08,0.023750344827586208
2024-02-09,0.023750344827586208
2024-02-10,0.023750344827586208
2024-02-11,0.023750344827586208
2024-02-12,0.023750344827586208
2024-02-13,0.023750344827586208
2024-02-14,0.023750344827586208
2024-02-15,0.023750344827586208
2024-02-16,0.023750344827586208
2024-02-17,0.023750344827586208
2024-02-18,0.023750344827586208
2024-02-19,0.023750344827586208
2024-02-20,0.023750344827586208
2024-02-21,0.023750344827586208
2024-02-22,0.023750344827586208
2024-02-23,0.023750344827586208
2024-02-24,0.023750344827586208
2024-02-25,0.023750344827586208
2024-02-26,0.023750344827586208
2024-02-27,0.023750344827586208
2024-02-28,0.023750344827586208
2024-02-29,0.023750344827586208
2024-03-01,0.1288709677419355
2024-03-02,0.1288709677419355
2024-03-03,0.1288709677419355
2024-03-04,0.1288709677419355
2024-03-05,0.1288709677419355
2024-03-06,0.1288709677419355
2024-03-07,0.1288709677419355
2024-03-08,0.1288709677419355
2024-03-09,0.1288709677419355
2024-03-10,0.1288709677419355
2024-03-11,0.1288709677419355
2024-03-12,0.1288709677419355
2024-03-13,0.1288709677419355
2024-03-14,0.1288709677419355
2024-03-15,0.1288709677419355
2024-03-16,0.1288709677419355
2024-03-17,0.1288709677419355
2024-03-18,0.1288709677419355
2024-03-19,0.1288709677419355
2024-03-20,0.1288709677419355
2024-03-21,0.1288709677419355
2024-03-22,0.1288709677419355
2024-03-23,0.1288709677419355
2024-03-24,0.1288709677419355
2024-03-25,0.1288709677419355
2024-03-26,0.1288709677419355
2024-03-27,0.1288709677419355
2024-03-28,0.1288709677419355
2024-03-29,0.1288709677419355
2024-03-30,0.1288709677419355
2024-03-31,0.1288709677419355
2024-04-01,0.048809666666666654
2024-04-02,0.048809666666666654
2024-04-03,0.048809666666666654
2024-04-04,0.048809666666666654
2024-04-05,0.048809666666666654
2024-04-06,0.048809666666666654
2024-04-07,0.048809666666666654
2024-04-08,0.048809666666666654
2024-04-09,0.048809666666666654
2024-04-10,0.048809666666666654
2024-04-11,0.048809666666666654
2024-04-12,0.048809666666666654
2024-04-13,0.048809666666666654
2024-04-14,0.048809666666666654
2024-04-15,0.048809666666666654
2024-04-16,0.048809666666666654
2024-04-17,0.048809666666666654
2024-04-18,0.048809666666666654
2024-04-19,0.048809666666666654
2024-04-20,0.048809666666666654
2024-04-21,0.048809666666666654
2024-04-22,0.048809666666666654
2024-04-23,0.048809666666666654
2024-04-24,0.048809666666666654
2024-04-25,0.048809666666666654
2024-04-26,0.048809666666666654
2024-04-27,0.048809666666666654
2024-04-28,0.048809666666666654
2024-04-29,0.048809666666666654
2024-04-30,0.048809666666666654
2024-05-01,0.04389161290322581
2024-05-02,0.04389161290322581
2024-05-03,0.04389161290322581
2024-05-04,0.04389161290322581
2024-05-05,0.04389161290322581
2024-05-06,0.04389161290322581
2024-05-07,0.04389161290322581
2024-05-08,0.04389161290322581
2024-05-09,0.04389161290322581
2024-05-10,0.04389161290322581
2024-05-11,0.04389161290322581
2024-05-12,0.04389161290322581
2024-05-13,0.04389161290322581
2024-05-14,0.04389161290322581
2024-05-15,0.04389161290322581
2024-05-16,0.04389161290322581
2024-05-17,0.04389161290322581
2024-05-18,0.04389161290322581
2024-05-19,0.04389161290322581
2024-05-20,0.04389161290322581
2024-05-21,0.04389161290322581
2024-05-22,0.04389161290322581
2024-05-23,0.04389161290322581
2024-05-24,0.04389161290322581
2024-05-25,0.04389161290322581
2024-05-26,0.04389161290322581
2024-05-27,0.04389161290322581
2024-05-28,0.04389161290322581
2024-05-29,0.04389161290322581
2024-05-30,0.04389161290322581
2024-05-31,0.04389161290322581
2024-06-01,0.04509566666666665
2024-06-02,0.04509566666666665
2024-06-03,0.04509566666666665
2024-06-04,0.04509566666666665
2024-06-05,0.04509566666666665
2024-06-06,0.04509566666666665
2024-06-07,0.04509566666666665
2024-06-08,0.04509566666666665
2024-06-09,0.04509566666666665
2024-06-10,0.04509566666666665
2024-06-11,0.04509566666666665
2024-06-12,0.04509566666666665
2024-06-13,0.04509566666666665
2024-06-14,0.04509566666666665
2024-06-15,0.04509566666666665
2024-06-16,0.04509566666666665
2024-06-17,0.04509566666666665
2024-06-18,0.04509566666666665
2024-06-19,0.04509566666666665
2024-06-20,0.04509566666666665
2024-06-21,0.04509566666666665
2024-06-22,0.04509566666666665
2024-06-23,0.04509566666666665
2024-06-24,0.04509566666666665
2024-06-25,0.04509566666666665
2024-06-26,0.04509566666666665
2024-06-27,0.04509566666666665
2024-06-28,0.04509566666666665
2024-06-29,0.04509566666666665
2024-06-30,0.04509566666666665
2024-07-01,0.043580322580645155
2024-07-02,0.043580322580645155
2024-07-03,0.043580322580645155
2024-07-04,0.043580322580645155
2024-07-05,0.043580322580645155
2024-07-06,0.043580322580645155
2024-07-07,0.043580322580645155
2024-07-08,0.043580322580645155
2024-07-09,0.043580322580645155
2024-07-10,0.043580322580645155
2024-07-11,0.043580322580645155
2024-07-12,0.043580322580645155
2024-07-13,0.043580322580645155
2024-07-14,0.043580322580645155
2024-07-15,0.043580322580645155
2024-07-16,0.043580322580645155
2024-07-17,0.043580322580645155
2024-07-18,0.043580322580645155
2024-07-19,0.043580322580645155
2024-07-20,0.043580322580645155
2024-07-21,0.043580322580645155
2024-07-22,0.043580322580645155
2024-07-23,0.043580322580645155
2024-07-24,0.043580322580645155
2024-07-25,0.043580322580645155
2024-07-26,0.043580322580645155
2024-07-27,0.043580322580645155
2024-07-28,0.043580322580645155
2024-07-29,0.043580322580645155
2024-07-30,0.043580322580645155
2024-07-31,0.043580322580645155
2024-08-01,0.043104193548387106
2024-08-02,0.043104193548387106
2024-08-03,0.043104193548387106
2024-08-04,0.043104193548387106
2024-08-05,0.043104193548387106
2024-08-06,0.043104193548387106
2024-08-07,0.043104193548387106
2024-08-08,0.043104193548387106
2024-08-09,0.043104193548387106
2024-08-10,0.043104193548387106
2024-08-11,0.043104193548387106
2024-08-12,0.043104193548387106
2024-08-13,0.043104193548387106
2024-08-14,0.043104193548387106
2024-08-15,0.043104193548387106
2024-08-16,0.043104193548387106
2024-08-17,0.043104193548387106
2024-08-18,0.043104193548387106
2024-08-19,0.043104193548387106
2024-08-20,0.043104193548387106
2024-08-21,0.043104193548387106
2024-08-22,0.043104193548387106
2024-08-23,0.043104193548387106
2024-08-24,0.043104193548387106
2024-08-25,0.043104193548387106
2024-08-26,0.043104193548387106
2024-08-27,0.043104193548387106
2024-08-28,0.043104193548387106
2024-08-29,0.043104193548387106
2024-08-30,0.043104193548387106
2024-08-31,0.043104193548387106
2024-09-01,0.22393233333333332
2024-09-02,0.22393233333333332
2024-09-03,0.22393233333333332
2024-09-04,0.22393233333333332
2024-09-05,0.22393233333333332
2024-09-06,0.22393233333333332
2024-09-07,0.22393233333333332
2024-09-08,0.22393233333333332
2024-09-09,0.22393233333333332
2024-09-10,0.22393233333333332
2024-09-11,0.22393233333333332
2024-09-12,0.22393233333333332
2024-09-13,0.22393233333333332
2024-09-14,0.22393233333333332
2024-09-15,0.22393233333333332
2024-09-16,0.22393233333333332
2024-09-17,0.22393233333333332
2024-09-18,0.22393233333333332
2024-09-19,0.22393233333333332
2024-09-20,0.22393233333333332
2024-09-21,0.22393233333333332
2024-09-22,0.22393233333333332
2024-09-23,0.22393233333333332
2024-09-24,0.22393233333333332
2024-09-25,0.22393233333333332
2024-09-26,0.22393233333333332
2024-09-27,0.22393233333333332
2024-09-28,0.22393233333333332
2024-09-29,0.22393233333333332
2024-09-30,0.22393233333333332
2024-10-01,0.04917258064516128
2024-10-02,0.04917258064516128
2024-10-03,0.04917258064516128
2024-10-04,0.04917258064516128
2024-10-05,0.04917258064516128
2024-10-06,0.04917258064516128
2024-10-07,0.04917258064516128
2024-10-08,0.04917258064516128
2024-10-09,0.04917258064516128
2024-10-10,0.04917258064516128
2024-10-11,0.04917258064516128
2024-10-12,0.04917258064516128
2024-10-13,0.04917258064516128
2024-10-14,0.04917258064516128
2024-10-15,0.04917258064516128
2024-10-16,0.04917258064516128
2024-10-17,0.04917258064516128
2024-10-18,0.04917258064516128
2024-10-19,0.04917258064516128
2024-10-20,0.04917258064516128
2024-10-21,0.04917258064516128
2024-10-22,0.04917258064516128
2024-10-23,0.04917258064516128
2024-10-24,0.04917258064516128
2024-10-25,0.04917258064516128
2024-10-26,0.04917258064516128
2024-10-27,0.04917258064516128
2024-10-28,0.04917258064516128
2024-10-29,0.04917258064516128
2024-10-30,0.04917258064516128
2024-10-31,0.04917258064516128
2024-11-01,0.03216533333333333
2024-11-02,0.03216533333333333
2024-11-03,0.03216533333333333
2024-11-04,0.03216533333333333
2024-11-05,0.03216533333333333
2024-11-06,0.03216533333333333
2024-11-07,0.03216533333333333
2024-11-08,0.03216533333333333
2024-11-09,0.03216533333333333
2024-11-10,0.03216533333333333
2024-11-11,0.03216533333333333
2024-11-12,0.03216533333333333
2024-11-13,0.03216533333333333
2024-11-14,0.03216533333333333
2024-11-15,0.03216533333333333
2024-11-16,0.03216533333333333
2024-11-17,0.03216533333333333
2024-11-18,0.03216533333333333
2024-11-19,0.03216533333333333
2024-11-20,0.03216533333333333
2024-11-21,0.03216533333333333
2024-11-22,0.03216533333333333
2024-11-23,0.03216533333333333
2024-11-24,0.03216533333333333
2024-11-25,0.03216533333333333
2024-11-26,0.03216533333333333
2024-11-27,0.03216533333333333
2024-11-28,0.03216533333333333
2024-11-29,0.03216533333333333
2024-11-30,0.03216533333333333
2024-12-01,0.7711225806451613
2024-12-02,0.7711225806451613
2024-12-03,0.7711225806451613
2024-12-04,0.7711225806451613
2024-12-05,0.7711225806451613
2024-12-06,0.7711225806451613
2024-12-07,0.7711225806451613
2024-12-08,0.7711225806451613
2024-12-09,0.7711225806451613
2024-12-10,0.7711225806451613
2024-12-11,0.7711225806451613
2024-12-12,0.7711225806451613
2024-12-13,0.7711225806451613
2024-12-14,0.7711225806451613
2024-12-15,0.7711225806451613
2024-12-16,0.7711225806451613
2024-12-17,0.7711225806451613
2024-12-18,0.7711225806451613
2024-12-19,0.7711225806451613
2024-12-20,0.7711225806451613
2024-12-21,0.7711225806451613
2024-12-22,0.7711225806451613
2024-12-23,0.7711225806451613
2024-12-24,0.7711225806451613
2024-12-25,0.7711225806451613
2024-12-26,0.7711225806451613
2024-12-27,0.7711225806451613
2024-12-28,0.7711225806451613
2024-12-29,0.7711225806451613
2024-12-30,0.7711225806451613
2024-12-31,0.7711225806451613
2025-01-01,0.3379838709677419
2025-01-02,0.3379838709677419
2025-01-03,0.3379838709677419
2025-01-04,0.3379838709677419
2025-01-05,0.3379838709677419
2025-01-06,0.3379838709677419
2025-01-07,0.3379838709677419
2025-01-08,0.3379838709677419
2025-01-09,0.3379838709677419
2025-01-10,0.3379838709677419
2025-01-11,0.3379838709677419
2025-01-12,0.3379838709677419
2025-01-13,0.3379838709677419
2025-01-14,0.3379838709677419
2025-01-15,0.3379838709677419
2025-01-16,0.3379838709677419
2025-01-17,0.3379838709677419
2025-01-18,0.3379838709677419
2025-01-19,0.3379838709677419
2025-01-20,0.3379838709677419
2025-01-21,0.3379838709677419
2025-01-22,0.3379838709677419
2025-01-23,0.3379838709677419
2025-01-24,0.3379838709677419
2025-01-25,0.3379838709677419
2025-01-26,0.3379838709677419
2025-01-27,0.3379838709677419
2025-01-28,0.3379838709677419
2025-01-29,0.3379838709677419
2025-01-30,0.3379838709677419
2025-01-31,0.3379838709677419
2025-02-01,0.4155999999999999
2025-02-02,0.4155999999999999
2025-02-03,0.4155999999999999
2025-02-04,0.4155999999999999
2025-02-05,0.4155999999999999
2025-02-06,0.4155999999999999
2025-02-07,0.4155999999999999
2025-02-08,0.4155999999999999
2025-02-09,0.4155999999999999
2025-02-10,0.4155999999999999
2025-02-11,0.4155999999999999
2025-02-12,0.4155999999999999
2025-02-13,0.4155999999999999
2025-02-14,0.4155999999999999
2025-02-15,0.4155999999999999
2025-02-16,0.4155999999999999
2025-02-17,0.4155999999999999
2025-02-18,0.4155999999999999
2025-02-19,0.4155999999999999
2025-02-20,0.4155999999999999
2025-02-21,0.4155999999999999
2025-02-22,0.4155999999999999
2025-02-23,0.4155999999999999
2025-02-24,0.4155999999999999
2025-02-25,0.4155999999999999
2025-02-26,0.4155999999999999
2025-02-27,0.4155999999999999
2025-02-28,0.4155999999999999
2025-03-01,0.3196458064516129
2025-03-02,0.3196458064516129
2025-03-03,0.3196458064516129
2025-03-04,0.3196458064516129
2025-03-05,0.3196458064516129
2025-03-06,0.3196458064516129
2025-03-07,0.3196458064516129
2025-03-08,0.3196458064516129
2025-03-09,0.3196458064516129
2025-03-10,0.3196458064516129
2025-03-11,0.3196458064516129
2025-03-12,0.3196458064516129
2025-03-13,0.3196458064516129
2025-03-14,0.3196458064516129
2025-03-15,0.3196458064516129
2025-03-16,0.3196458064516129
2025-03-17,0.3196458064516129
2025-03-18,0.3196458064516129
2025-03-19,0.3196458064516129
2025-03-20,0.3196458064516129
2025-03-21,0.3196458064516129
2025-03-22,0.3196458064516129
2025-03-23,0.3196458064516129
2025-03-24,0.3196458064516129
2025-03-25,0.3196458064516129
2025-03-26,0.3196458064516129
2025-03-27,0.3196458064516129
2025-03-28,0.3196458064516129
2025-03-29,0.3196458064516129
2025-03-30,0.3196458064516129
2025-03-31,0.3196458064516129
2025-04-01,0.10429033333333333
2025-04-02,0.10429033333333333
2025-04-03,0.10429033333333333
2025-04-04,0.10429033333333333
2025-04-05,0.10429033333333333
2025-04-06,0.10429033333333333
2025-04-07,0.10429033333333333
2025-04-08,0.10429033333333333
2025-04-09,0.10429033333333333
2025-04-10,0.10429033333333333
2025-04-11,0.10429033333333333
2025-04-12,0.10429033333333333
2025-04-13,0.10429033333333333
2025-04-14,0.10429033333333333
2025-04-15,0.10429033333333333
2025-04-16,0.10429033333333333
2025-04-17,0.10429033333333333
2025-04-18,0.10429033333333333
2025-04-19,0.10429033333333333
2025-04-20,0.10429033333333333
2025-04-21,0.10429033333333333
2025-04-22,0.10429033333333333
2025-04-23,0.10429033333333333
2025-04-24,0.10429033333333333
2025-04-25,0.10429033333333333
2025-04-26,0.10429033333333333
2025-04-27,0.10429033333333333
2025-04-28,0.10429033333333333
2025-04-29,0.10429033333333333
2025-04-30,0.10429033333333333
2025-05-01,0.05996129032258065
2025-05-02,0.05996129032258065
2025-05-03,0.05996129032258065
2025-05-04,0.05996129032258065
2025-05-05,0.05996129032258065
2025-05-06,0.05996129032258065
2025-05-07,0.05996129032258065
2025-05-08,0.05996129032258065
2025-05-09,0.05996129032258065
2025-05-10,0.05996129032258065
2025-05-11,0.05996129032258065
2025-05-12,0.05996129032258065
2025-05-13,0.05996129032258065
2025-05-14,0.05996129032258065
2025-05-15,0.05996129032258065
2025-05-16,0.05996129032258065
2025-05-17,0.05996129032258065
2025-05-18,0.05996129032258065
2025-05-19,0.05996129032258065
2025-05-20,0.05996129032258065
2025-05-21,0.05996129032258065
2025-05-22,0.05996129032258065
2025-05-23,0.05996129032258065
2025-05-24,0.05996129032258065
2025-05-25,0.05996129032258065
2025-05-26,0.05996129032258065
2025-05-27,0.05996129032258065
2025-05-28,0.05996129032258065
2025-05-29,0.05996129032258065
2025-05-30,0.05996129032258065
2025-05-31,0.05996129032258065
2025-06-01,0.06274733333333334
2025-06-02,0.06274733333333334
2025-06-03,0.06274733333333334
2025-06-04,0.06274733333333334
2025-06-05,0.06274733333333334
2025-06-06,0.06274733333333334
2025-06-07,0.06274733333333334
2025-06-08,0.06274733333333334
2025-06-09,0.06274733333333334
2025-06-10,0.06274733333333334
2025-06-11,0.06274733333333334
2025-06-12,0.06274733333333334
2025-06-13,0.06274733333333334
2025-06-14,0.06274733333333334
2025-06-15,0.06274733333333334
2025-06-16,0.06274733333333334
2025-06-17,0.06274733333333334
2025-06-18,0.06274733333333334
2025-06-19,0.06274733333333334
2025-06-20,0.06274733333333334
2025-06-21,0.06274733333333334
2025-06-22,0.06274733333333334
2025-06-23,0.06274733333333334
2025-06-24,0.06274733333333334
2025-06-25,0.06274733333333334
2025-06-26,0.06274733333333334
2025-06-27,0.06274733333333334
2025-06-28,0.06274733333333334
2025-06-29,0.06274733333333334
2025-06-30,0.06274733333333334
2025-07-01,0.03648
2025-07-02,0.03648
2025-07-03,0.03648
2025-07-04,0.03648
2025-07-05,0.03648
2025-07-06,0.03648
2025-07-07,0.03648
2025-07-08,0.03648
2025-07-09,0.03648
2025-07-10,0.03648
2025-07-11,0.03648
2025-07-12,0.03648
2025-07-13,0.03648
2025-07-14,0.03648
2025-07-15,0.03648
2025-07-16,0.03648
2025-07-17,0.03648
2025-07-18,0.03648
2025-07-19,0.03648
2025-07-20,0.03648
2025-07-21,0.03648
2025-07-22,0.03648
2025-07-23,0.03648
2025-07-24,0.03648
2025-07-25,0.03648
2025-07-26,0.03648
2025-07-27,0.03648
2025-07-28,0.03648
2025-07-29,0.03648
2025-07-30,0.03648
2025-07-31,0.03648
2025-08-01,0.045802903225806456
2025-08-02,0.045802903225806456
2025-08-03,0.045802903225806456
2025-08-04,0.045802903225806456
2025-08-05,0.045802903225806456
2025-08-06,0.045802903225806456
2025-08-07,0.045802903225806456
2025-08-08,0.045802903225806456
2025-08-09,0.045802903225806456
2025-08-10,0.045802903225806456
2025-08-11,0.045802903225806456
2025-08-12,0.045802903225806456
2025-08-13,0.045802903225806456
2025-08-14,0.045802903225806456
2025-08-15,0.045802903225806456
2025-08-16,0.045802903225806456
2025-08-17,0.045802903225806456
2025-08-18,0.045802903225806456
2025-08-19,0.045802903225806456
2025-08-20,0.045802903225806456
2025-08-21,0.045802903225806456
2025-08-22,0.045802903225806456
2025-08-23,0.045802903225806456
2025-08-24,0.045802903225806456
2025-08-25,0.045802903225806456
2025-08-26,0.045802903225806456
2025-08-27,0.045802903225806456
2025-08-28,0.045802903225806456
2025-08-29,0.045802903225806456
2025-08-30,0.045802903225806456
2025-08-31,0.045802903225806456
2025-09-01,0.02917566666666667
2025-09-02,0.02917566666666667
2025-09-03,0.02917566666666667
2025-09-04,0.02917566666666667
2025-09-05,0.02917566666666667
2025-09-06,0.02917566666666667
2025-09-07,0.02917566666666667
2025-09-08,0.02917566666666667
2025-09-09,0.02917566666666667
2025-09-10,0.02917566666666667
2025-09-11,0.02917566666666667
2025-09-12,0.02917566666666667
2025-09-13,0.02917566666666667
2025-09-14,0.02917566666666667
2025-09-15,0.02917566666666667
2025-09-16,0.02917566666666667
2025-09-17,0.02917566666666667
2025-09-18,0.02917566666666667
2025-09-19,0.02917566666666667
2025-09-20,0.02917566666666667
2025-09-21,0.02917566666666667
2025-09-22,0.02917566666666667
2025-09-23,0.02917566666666667
2025-09-24,0.02917566666666667
2025-09-25,0.02917566666666667
2025-09-26,0.02917566666666667
2025-09-27,0.02917566666666667
2025-09-28,0.02917566666666667
2025-09-29,0.02917566666666667
2025-09-30,0.02917566666666667
2025-10-01,0.01674193548387097
2025-10-02,0.01674193548387097
2025-10-03,0.01674193548387097
2025-10-04,0.01674193548387097
2025-10-05,0.01674193548387097
2025-10-06,0.01674193548387097
2025-10-07,0.01674193548387097
2025-10-08,0.01674193548387097
2025-10-09,0.01674193548387097
2025-10-10,0.01674193548387097
2025-10-11,0.01674193548387097
2025-10-12,0.01674193548387097
2025-10-13,0.01674193548387097
2025-10-14,0.01674193548387097
2025-10-15,0.01674193548387097
2025-10-16,0.01674193548387097
2025-10-17,0.01674193548387097
2025-10-18,0.01674193548387097
2025-10-19,0.01674193548387097
2025-10-20,0.01674193548387097
2025-10-21,0.01674193548387097
2025-10-22,0.01674193548387097
2025-10-23,0.01674193548387097
2025-10-24,0.01674193548387097
2025-10-25,0.01674193548387097
2025-10-26,0.01674193548387097
2025-10-27,0.01674193548387097
2025-10-28,0.01674193548387097
2025-10-29,0.01674193548387097
2025-10-30,0.01674193548387097
2025-10-31,0.01674193548387097
2025-11-01,0.22893333333333338
2025-11-02,0.22893333333333338
2025-11-03,0.22893333333333338
2025-11-04,0.22893333333333338
2025-11-05,0.22893333333333338
2025-11-06,0.22893333333333338
2025-11-07,0.22893333333333338
2025-11-08,0.22893333333333338
2025-11-09,0.22893333333333338
2025-11-10,0.22893333333333338
2025-11-11,0.22893333333333338
2025-11-12,0.22893333333333338
2025-11-13,0.22893333333333338
2025-11-14,0.22893333333333338
2025-11-15,0.22893333333333338
2025-11-16,0.22893333333333338
2025-11-17,0.22893333333333338
2025-11-18,0.22893333333333338
2025-11-19,0.22893333333333338
2025-11-20,0.22893333333333338
2025-11-21,0.22893333333333338
2025-11-22,0.22893333333333338
2025-11-23,0.22893333333333338
2025-11-24,0.22893333333333338
2025-11-25,0.22893333333333338
2025-11-26,0.22893333333333338
2025-11-27,0.22893333333333338
2025-11-28,0.22893333333333338
2025-11-29,0.22893333333333338
2025-11-30,0.22893333333333338
2025-12-01,0.06812903225806452
2025-12-02,0.06812903225806452
2025-12-03,0.06812903225806452
2025-12-04,0.06812903225806452
2025-12-05,0.06812903225806452
2025-12-06,0.06812903225806452
2025-12-07,0.06812903225806452
2025-12-08,0.06812903225806452
2025-12-09,0.06812903225806452
2025-12-10,0.06812903225806452
2025-12-11,0.06812903225806452
2025-12-12,0.06812903225806452
2025-12-13,0.06812903225806452
2025-12-14,0.06812903225806452
2025-12-15,0.06812903225806452
2025-12-16,0.06812903225806452
2025-12-17,0.06812903225806452
2025-12-18,0.06812903225806452
2025-12-19,0.06812903225806452
2025-12-20,0.06812903225806452
2025-12-21,0.06812903225806452
2025-12-22,0.06812903225806452
2025-12-23,0.06812903225806452
2025-12-24,0.06812903225806452
2025-12-25,0.06812903225806452
2025-12-26,0.06812903225806452
2025-12-27,0.06812903225806452
2025-12-28,0.06812903225806452
2025-12-29,0.06812903225806452
2025-12-30,0.06812903225806452
2025-12-31,0.06812903225806452
2026-01-01,0.037322580645161293
2026-01-02,0.037322580645161293
2026-01-03,0.037322580645161293
2026-01-04,0.037322580645161293
2026-01-05,0.037322580645161293
2026-01-06,0.037322580645161293
2026-01-07,0.037322580645161293
2026-01-08,0.037322580645161293
2026-01-09,0.037322580645161293
2026-01-10,0.037322580645161293
2026-01-11,0.037322580645161293
2026-01-12,0.037322580645161293
2026-01-13,0.037322580645161293
2026-01-14,0.037322580645161293
2026-01-15,0.037322580645161293
2026-01-16,0.037322580645161293
2026-01-17,0.037322580645161293
2026-01-18,0.037322580645161293
2026-01-19,0.037322580645161293
2026-01-20,0.037322580645161293
2026-01-21,0.037322580645161293
2026-01-22,0.037322580645161293
2026-01-23,0.037322580645161293
2026-01-24,0.037322580645161293
2026-01-25,0.037322580645161293
2026-01-26,0.037322580645161293
2026-01-27,0.037322580645161293
2026-01-28,0.037322580645161293
2026-01-29,0.037322580645161293
2026-01-30,0.037322580645161293
2026-01-31,0.037322580645161293
2026-02-01,0.024714285714285716
2026-02-02,0.024714285714285716
2026-02-03,0.024714285714285716
2026-02-04,0.024714285714285716
2026-02-05,0.024714285714285716
2026-02-06,0.024714285714285716
2026-02-07,0.024714285714285716
2026-02-08,0.024714285714285716
2026-02-09,0.024714285714285716
2026-02-10,0.024714285714285716
2026-02-11,0.024714285714285716
2026-02-12,0.024714285714285716
2026-02-13,0.024714285714285716
2026-02-14,0.024714285714285716
2026-02-15,0.024714285714285716
2026-02-16,0.024714285714285716
2026-02-17,0.024714285714285716
2026-02-18,0.024714285714285716
2026-02-19,0.024714285714285716
2026-02-20,0.024714285714285716
2026-02-21,0.024714285714285716
2026-02-22,0.024714285714285716
2026-02-23,0.024714285714285716
2026-02-24,0.024714285714285716
2026-02-25,0.024714285714285716
2026-02-26,0.024714285714285716
2026-02-27,0.024714285714285716
2026-02-28,0.024714285714285716
2026-03-01,0.035451612903225814
2026-03-02,0.035451612903225814
2026-03-03,0.035451612903225814
2026-03-04,0.035451612903225814
2026-03-05,0.035451612903225814
2026-03-06,0.035451612903225814
2026-03-07,0.035451612903225814
2026-03-08,0.035451612903225814
2026-03-09,0.035451612903225814
2026-03-10,0.035451612903225814
2026-03-11,0.035451612903225814
2026-03-12,0.035451612903225814
2026-03-13,0.035451612903225814
2026-03-14,0.035451612903225814
2026-03-15,0.035451612903225814
2026-03-16,0.035451612903225814
2026-03-17,0.035451612903225814
2026-03-18,0.035451612903225814
2026-03-19,0.035451612903225814
2026-03-20,0.035451612903225814
2026-03-21,0.035451612903225814
2026-03-22,0.035451612903225814
2026-03-23,0.035451612903225814
2026-03-24,0.035451612903225814
2026-03-25,0.035451612903225814
2026-03-26,0.035451612903225814
2026-03-27,0.035451612903225814
2026-03-28,0.035451612903225814
2026-03-29,0.035451612903225814
2026-03-30,0.035451612903225814
2026-03-31,0.035451612903225814
2026-04-01,0.02536666666666667
2026-04-02,0.02536666666666667
2026-04-03,0.02536666666666667
2026-04-04,0.02536666666666667
2026-04-05,0.02536666666666667
2026-04-06,0.02536666666666667
2026-04-07,0.02536666666666667
2026-04-08,0.02536666666666667
2026-04-09,0.02536666666666667
2026-04-10,0.02536666666666667
2026-04-11,0.02536666666666667
2026-04-12,0.02536666666666667
2026-04-13,0.02536666666666667
2026-04-14,0.02536666666666667
2026-04-15,0.02536666666666667
2026-04-16,0.02536666666666667
2026-04-17,0.02536666666666667
2026-04-18,0.02536666666666667
2026-04-19,0.02536666666666667
2026-04-20,0.02536666666666667
2026-04-21,0.02536666666666667
2026-04-22,0.02536666666666667
2026-04-23,0.02536666666666667
2026-04-24,0.02536666666666667
2026-04-25,0.02536666666666667
2026-04-26,0.02536666666666667
2026-04-27,0.02536666666666667
2026-04-28,0.02536666666666667
2026-04-29,0.02536666666666667
2026-04-30,0.02536666666666667
2026-05-01,0.013225806451612903
2026-05-02,0.013225806451612903
2026-05-03,0.013225806451612903
2026-05-04,0.013225806451612903
2026-05-05,0.013225806451612903
2026-05-06,0.013225806451612903
2026-05-07,0.013225806451612903
2026-05-08,0.013225806451612903
2026-05-09,0.013225806451612903
2026-05-10,0.013225806451612903
2026-05-11,0.013225806451612903
2026-05-12,0.013225806451612903
2026-05-13,0.013225806451612903
2026-05-14,0.013225806451612903
2026-05-15,0.013225806451612903
2026-05-16,0.013225806451612903
2026-05-17,0.013225806451612903
2026-05-18,0.013225806451612903
2026-05-19,0.013225806451612903
2026-05-20,0.013225806451612903
2026-05-21,0.013225806451612903
2026-05-22,0.013225806451612903
2026-05-23,0.013225806451612903
2026-05-24,0.013225806451612903
2026-05-25,0.013225806451612903
2026-05-26,0.013225806451612903
2026-05-27,0.013225806451612903
2026-05-28,0.013225806451612903
2026-05-29,0.013225806451612903
2026-05-30,0.013225806451612903
2026-05-31,0.013225806451612903
2026-06-01,0.01173333333333333
2026-06-02,0.01173333333333333
2026-06-03,0.01173333333333333
2026-06-04,0.01173333333333333
2026-06-05,0.01173333333333333
2026-06-06,0.01173333333333333
2026-06-07,0.01173333333333333
2026-06-08,0.01173333333333333
2026-06-09,0.01173333333333333
2026-06-10,0.01173333333333333
2026-06-11,0.01173333333333333
2026-06-12,0.01173333333333333
2026-06-13,0.01173333333333333
2026-06-14,0.01173333333333333
2026-06-15,0.01173333333333333
2026-06-16,0.01173333333333333
2026-06-17,0.01173333333333333
2026-06-18,0.01173333333333333
2026-06-19,0.01173333333333333
2026-06-20,0.01173333333333333
2026-06-21,0.01173333333333333
2026-06-22,0.01173333333333333
2026-06-23,0.01173333333333333
2026-06-24,0.01173333333333333
2026-06-25,0.01173333333333333
2026-06-26,0.01173333333333333
2026-06-27,0.01173333333333333
2026-06-28,0.01173333333333333
2026-06-29,0.01173333333333333
2026-06-30,0.01173333333333333
2026-07-01,0.011354838709677417
2026-07-02,0.011354838709677417
2026-07-03,0.011354838709677417
2026-07-04,0.011354838709677417
2026-07-05,0.011354838709677417
2026-07-06,0.011354838709677417
2026-07-07,0.011354838709677417
2026-07-08,0.011354838709677417
2026-07-09,0.011354838709677417
2026-07-10,0.011354838709677417
2026-07-11,0.011354838709677417
2026-07-12,0.011354838709677417
2026-07-13,0.011354838709677417
2026-07-14,0.011354838709677417
2026-07-15,0.011354838709677417
2026-07-16,0.011354838709677417
2026-07-17,0.011354838709677417
2026-07-18,0.011354838709677417
2026-07-19,0.011354838709677417
2026-07-20,0.011354838709677417
2026-07-21,0.011354838709677417
2026-07-22,0.011354838709677417
2026-07-23,0.011354838709677417
2026-07-24,0.011354838709677417
2026-07-25,0.011354838709677417
2026-07-26,0.011354838709677417
2026-07-27,0.011354838709677417
2026-07-28,0.011354838709677417
2026-07-29,0.011354838709677417
2026-07-30,0.011354838709677417
2026-07-31,0.011354838709677417
2026-08-01,0.004838709677419355
2026-08-02,0.004838709677419355
2026-08-03,0.004838709677419355
2026-08-04,0.004838709677419355
2026-08-05,0.004838709677419355
2026-08-06,0.004838709677419355
2026-08-07,0.004838709677419355
2026-08-08,0.004838709677419355
2026-08-09,0.004838709677419355
2026-08-10,0.004838709677419355
2026-08-11,0.004838709677419355
2026-08-12,0.004838709677419355
2026-08-13,0.004838709677419355
2026-08-14,0.004838709677419355
2026-08-15,0.004838709677419355
2026-08-16,0.004838709677419355
2026-08-17,0.004838709677419355
2026-08-18,0.004838709677419355
2026-08-19,0.004838709677419355
2026-08-20,0.004838709677419355
2026-08-21,0.004838709677419355
2026-08-22,0.004838709677419355
2026-08-23,0.004838709677419355
2026-08-24,0.004838709677419355
2026-08-25,0.004838709677419355
2026-08-26,0.004838709677419355
2026-08-27,0.004838709677419355
2026-08-28,0.004838709677419355
2026-08-29,0.004838709677419355
2026-08-30,0.004838709677419355
2026-08-31,0.004838709677419355
2026-09-01,0.005
2026-09-02,0.005
2026-09-03,0.005
2026-09-04,0.005
2026-09-05,0.005
2026-09-06,0.005
2026-09-07,0.005
2026-09-08,0.005
2026-09-09,0.005
2026-09-10,0.005
2026-09-11,0.005
2026-09-12,0.005
2026-09-13,0.005
2026-09-14,0.005
2026-09-15,0.005
2026-09-16,0.005
2026-09-17,0.005
2026-09-18,0.005
2026-09-19,0.005
2026-09-20,0.005
2026-09-21,0.005
2026-09-22,0.005
2026-09-23,0.005
2026-09-24,0.005
2026-09-25,0.005
2026-09-26,0.005
2026-09-27,0.005
2026-09-28,0.005
2026-09-29,0.005
2026-09-30,0.005
2026-10-01,0.013391290322580645
2026-10-02,0.013391290322580645
2026-10-03,0.013391290322580645
2026-10-04,0.013391290322580645
2026-10-05,0.013391290322580645
2026-10-06,0.013391290322580645
2026-10-07,0.013391290322580645
2026-10-08,0.013391290322580645
2026-10-09,0.013391290322580645
2026-10-10,0.013391290322580645
2026-10-11,0.013391290322580645
2026-10-12,0.013391290322580645
2026-10-13,0.013391290322580645
2026-10-14,0.013391290322580645
2026-10-15,0.013391290322580645
2026-10-16,0.013391290322580645
2026-10-17,0.013391290322580645
2026-10-18,0.013391290322580645
2026-10-19,0.013391290322580645
2026-10-20,0.013391290322580645
2026-10-21,0.013391290322580645
2026-10-22,0.013391290322580645
2026-10-23,0.013391290322580645
2026-10-24,0.013391290322580645
2026-10-25,0.013391290322580645
2026-10-26,0.013391290322580645
2026-10-27,0.013391290322580645
2026-10-28,0.013391290322580645
2026-10-29,0.013391290322580645
2026-10-30,0.013391290322580645
2026-10-31,0.013391290322580645
2026-11-01,0.023629999999999995
2026-11-02,0.023629999999999995
2026-11-03,0.023629999999999995
2026-11-04,0.023629999999999995
2026-11-05,0.023629999999999995
2026-11-06,0.023629999999999995
2026-11-07,0.023629999999999995
2026-11-08,0.023629999999999995
2026-11-09,0.023629999999999995
2026-11-10,0.023629999999999995
2026-11-11,0.023629999999999995
2026-11-12,0.023629999999999995
2026-11-13,0.023629999999999995
2026-11-14,0.023629999999999995
2026-11-15,0.023629999999999995
2026-11-16,0.023629999999999995
2026-11-17,0.023629999999999995
2026-11-18,0.023629999999999995
2026-11-19,0.023629999999999995
2026-11-20,0.023629999999999995
2026-11-21,0.023629999999999995
2026-11-22,0.023629999999999995
2026-11-23,0.023629999999999995
2026-11-24,0.023629999999999995
2026-11-25,0.023629999999999995
2026-11-26,0.023629999999999995
2026-11-27,0.023629999999999995
2026-11-28,0.023629999999999995
2026-11-29,0.023629999999999995
2026-11-30,0.023629999999999995
2026-12-01,0.014940967741935483
2026-12-02,0.014940967741935483
2026-12-03,0.014940967741935483
2026-12-04,0.014940967741935483
2026-12-05,0.014940967741935483
2026-12-06,0.014940967741935483
2026-12-07,0.014940967741935483
2026-12-08,0.014940967741935483
2026-12-09,0.014940967741935483
2026-12-10,0.014940967741935483
2026-12-11,0.014940967741935483
2026-12-12,0.014940967741935483
2026-12-13,0.014940967741935483
2026-12-14,0.014940967741935483
2026-12-15,0.014940967741935483
2026-12-16,0.014940967741935483
2026-12-17,0.014940967741935483
2026-12-18,0.014940967741935483
2026-12-19,0.014940967741935483
2026-12-20,0.014940967741935483
2026-12-21,0.014940967741935483
2026-12-22,0.014940967741935483
2026-12-23,0.014940967741935483
2026-12-24,0.014940967741935483
2026-12-25,0.014940967741935483
2026-12-26,0.014940967741935483
2026-12-27,0.014940967741935483
2026-12-28,0.014940967741935483
2026-12-29,0.014940967741935483
2026-12-30,0.014940967741935483
2026-12-31,0.014940967741935483
2027-01-01,0.012583870967741936
2027-01-02,0.012583870967741936
2027-01-03,0.012583870967741936
2027-01-04,0.012583870967741936
2027-01-05,0.012583870967741936
2027-01-06,0.012583870967741936
2027-01-07,0.012583870967741936
2027-01-08,0.012583870967741936
2027-01-09,0.012583870967741936
2027-01-10,0.012583870967741936
2027-01-11,0.012583870967741936
2027-01-12,0.012583870967741936
2027-01-13,0.012583870967741936
2027-01-14,0.012583870967741936
2027-01-15,0.012583870967741936
2027-01-16,0.012583870967741936
2027-01-17,0.012583870967741936
2027-01-18,0.012583870967741936
2027-01-19,0.012583870967741936
2027-01-20,0.012583870967741936
2027-01-21,0.012583870967741936
2027-01-22,0.012583870967741936
2027-01-23,0.012583870967741936
2027-01-24,0.012583870967741936
2027-01-25,0.012583870967741936
2027-01-26,0.012583870967741936
2027-01-27,0.012583870967741936
2027-01-28,0.012583870967741936
2027-01-29,0.012583870967741936
2027-01-30,0.012583870967741936
2027-01-31,0.012583870967741936
2027-02-01,0.0112525
2027-02-02,0.0112525
2027-02-03,0.0112525
2027-02-04,0.0112525
2027-02-05,0.0112525
2027-02-06,0.0112525
2027-02-07,0.0112525
2027-02-08,0.0112525
2027-02-09,0.0112525
2027-02-10,0.0112525
2027-02-11,0.0112525
2027-02-12,0.0112525
2027-02-13,0.0112525
2027-02-14,0.0112525
2027-02-15,0.0112525
2027-02-16,0.0112525
2027-02-17,0.0112525
2027-02-18,0.0112525
2027-02-19,0.0112525
2027-02-20,0.0112525
2027-02-21,0.0112525
2027-02-22,0.0112525
2027-02-23,0.0112525
2027-02-24,0.0112525
2027-02-25,0.0112525
2027-02-26,0.0112525
2027-02-27,0.0112525
2027-02-28,0.0112525
2027-03-01,0.022806451612903223
2027-03-02,0.022806451612903223
2027-03-03,0.022806451612903223
2027-03-04,0.022806451612903223
2027-03-05,0.022806451612903223
2027-03-06,0.022806451612903223
2027-03-07,0.022806451612903223
2027-03-08,0.022806451612903223
2027-03-09,0.022806451612903223
2027-03-10,0.022806451612903223
2027-03-11,0.022806451612903223
2027-03-12,0.022806451612903223
2027-03-13,0.022806451612903223
2027-03-14,0.022806451612903223
2027-03-15,0.022806451612903223
2027-03-16,0.022806451612903223
2027-03-17,0.022806451612903223
2027-03-18,0.022806451612903223
2027-03-19,0.022806451612903223
2027-03-20,0.022806451612903223
2027-03-21,0.022806451612903223
2027-03-22,0.022806451612903223
2027-03-23,0.022806451612903223
2027-03-24,0.022806451612903223
2027-03-25,0.022806451612903223
2027-03-26,0.022806451612903223
2027-03-27,0.022806451612903223
2027-03-28,0.022806451612903223
2027-03-29,0.022806451612903223
2027-03-30,0.022806451612903223
2027-03-31,0.022806451612903223
2027-04-01,0.017358666666666668
2027-04-02,0.017358666666666668
2027-04-03,0.017358666666666668
2027-04-04,0.017358666666666668
2027-04-05,0.017358666666666668
2027-04-06,0.017358666666666668
2027-04-07,0.017358666666666668
2027-04-08,0.017358666666666668
2027-04-09,0.017358666666666668
2027-04-10,0.017358666666666668
2027-04-11,0.017358666666666668
2027-04-12,0.017358666666666668
2027-04-13,0.017358666666666668
2027-04-14,0.017358666666666668
2027-04-15,0.017358666666666668
2027-04-16,0.017358666666666668
2027-04-17,0.017358666666666668
2027-04-18,0.017358666666666668
2027-04-19,0.017358666666666668
2027-04-20,0.017358666666666668
2027-04-21,0.017358666666666668
2027-04-22,0.017358666666666668
2027-04-23,0.017358666666666668
2027-04-24,0.017358666666666668
2027-04-25,0.017358666666666668
2027-04-26,0.017358666666666668
2027-04-27,0.017358666666666668
2027-04-28,0.017358666666666668
2027-04-29,0.017358666666666668
2027-04-30,0.017358666666666668
2027-05-01,0.013319354838709677
2027-05-02,0.013319354838709677
2027-05-03,0.013319354838709677
2027-05-04,0.013319354838709677
2027-05-05,0.013319354838709677
2027-05-06,0.013319354838709677
2027-05-07,0.013319354838709677
2027-05-08,0.013319354838709677
2027-05-09,0.013319354838709677
2027-05-10,0.013319354838709677
2027-05-11,0.013319354838709677
2027-05-12,0.013319354838709677
2027-05-13,0.013319354838709677
2027-05-14,0.013319354838709677
2027-05-15,0.013319354838709677
2027-05-16,0.013319354838709677
2027-05-17,0.013319354838709677
2027-05-18,0.013319354838709677
2027-05-19,0.013319354838709677
2027-05-20,0.013319354838709677
2027-05-21,0.013319354838709677
2027-05-22,0.013319354838709677
2027-05-23,0.013319354838709677
2027-05-24,0.013319354838709677
2027-05-25,0.013319354838709677
2027-05-26,0.013319354838709677
2027-05-27,0.013319354838709677
2027-05-28,0.013319354838709677
2027-05-29,0.013319354838709677
2027-05-30,0.013319354838709677
2027-05-31,0.013319354838709677
2027-06-01,0.011637333333333333
2027-06-02,0.011637333333333333
2027-06-03,0.011637333333333333
2027-06-04,0.011637333333333333
2027-06-05,0.011637333333333333
2027-06-06,0.011637333333333333
2027-06-07,0.011637333333333333
2027-06-08,0.011637333333333333
2027-06-09,0.011637333333333333
2027-06-10,0.011637333333333333
2027-06-11,0.011637333333333333
2027-06-12,0.011637333333333333
2027-06-13,0.011637333333333333
2027-06-14,0.011637333333333333
2027-06-15,0.011637333333333333
2027-06-16,0.011637333333333333
2027-06-17,0.011637333333333333
2027-06-18,0.011637333333333333
2027-06-19,0.011637333333333333
2027-06-20,0.011637333333333333
2027-06-21,0.011637333333333333
2027-06-22,0.011637333333333333
2027-06-23,0.011637333333333333
2027-06-24,0.011637333333333333
2027-06-25,0.011637333333333333
2027-06-26,0.011637333333333333
2027-06-27,0.011637333333333333
2027-06-28,0.011637333333333333
2027-06-29,0.011637333333333333
2027-06-30,0.011637333333333333
2027-07-01,0.010047096774193546
2027-07-02,0.010047096774193546
2027-07-03,0.010047096774193546
2027-07-04,0.010047096774193546
2027-07-05,0.010047096774193546
2027-07-06,0.010047096774193546
2027-07-07,0.010047096774193546
2027-07-08,0.010047096774193546
2027-07-09,0.010047096774193546
2027-07-10,0.010047096774193546
2027-07-11,0.010047096774193546
2027-07-12,0.010047096774193546
2027-07-13,0.010047096774193546
2027-07-14,0.010047096774193546
2027-07-15,0.010047096774193546
2027-07-16,0.010047096774193546
2027-07-17,0.010047096774193546
2027-07-18,0.010047096774193546
2027-07-19,0.010047096774193546
2027-07-20,0.010047096774193546
2027-07-21,0.010047096774193546
2027-07-22,0.010047096774193546
2027-07-23,0.010047096774193546
2027-07-24,0.010047096774193546
2027-07-25,0.010047096774193546
2027-07-26,0.010047096774193546
2027-07-27,0.010047096774193546
2027-07-28,0.010047096774193546
2027-07-29,0.010047096774193546
2027-07-30,0.010047096774193546
2027-07-31,0.010047096774193546
2027-08-01,0.00872258064516129
2027-08-02,0.00872258064516129
2027-08-03,0.00872258064516129
2027-08-04,0.00872258064516129
2027-08-05,0.00872258064516129
2027-08-06,0.00872258064516129
2027-08-07,0.00872258064516129
2027-08-08,0.00872258064516129
2027-08-09,0.00872258064516129
2027-08-10,0.00872258064516129
2027-08-11,0.00872258064516129
2027-08-12,0.00872258064516129
2027-08-13,0.00872258064516129
2027-08-14,0.00872258064516129
2027-08-15,0.00872258064516129
2027-08-16,0.00872258064516129
2027-08-17,0.00872258064516129
2027-08-18,0.00872258064516129
2027-08-19,0.00872258064516129
2027-08-20,0.00872258064516129
2027-08-21,0.00872258064516129
2027-08-22,0.00872258064516129
2027-08-23,0.00872258064516129
2027-08-24,0.00872258064516129
2027-08-25,0.00872258064516129
2027-08-26,0.00872258064516129
2027-08-27,0.00872258064516129
2027-08-28,0.00872258064516129
2027-08-29,0.00872258064516129
2027-08-30,0.00872258064516129
2027-08-31,0.00872258064516129
2027-09-01,0.4848166666666666
